"Población total por Entidad federativa, Grupo quinquenal de edad, Periodo y Sexo"

"Entidad federativa";"Grupo quinquenal de edad";"1990 Total";"1990 Hombres";"1990 Mujeres";"1995 Total";"1995 Hombres";"1995 Mujeres";"2000 Total";"2000 Hombres";"2000 Mujeres";"2005 Total";"2005 Hombres";"2005 Mujeres";"2010 Total";"2010 Hombres";"2010 Mujeres"
"Estados Unidos Mexicanos";"Total";81249645;39893969;41355676;91158290;44900499;46257791;97483412;47592253;49891159;103263388;50249955;53013433;112336538;54855231;57481307
"Estados Unidos Mexicanos";"0 a 4 años";10195178;5160002;5035176;10724100;5449356;5274744;10635157;5401306;5233851;10186243;5175913;5010330;10528322;5346943;5181379
"Estados Unidos Mexicanos";"5 a 9 años";10562234;5338285;5223949;10867563;5515644;5351919;11215323;5677711;5537612;10511738;5339127;5172611;11047537;5604175;5443362
"Estados Unidos Mexicanos";"10 a 14 años";10389092;5230658;5158434;10670048;5404261;5265787;10736493;5435737;5300756;10952123;5545910;5406213;10939937;5547613;5392324
"Estados Unidos Mexicanos";"15 a 19 años";9664403;4759892;4904511;10142071;5022243;5119828;9992135;4909648;5082487;10109021;4995906;5113115;11026112;5520121;5505991
"Estados Unidos Mexicanos";"20 a 24 años";7829163;3738128;4091035;9397424;4538686;4858738;9071134;4303600;4767534;8964629;4253440;4711189;9892271;4813204;5079067
"Estados Unidos Mexicanos";"25 a 29 años";6404512;3050595;3353917;7613090;3652995;3960095;8157743;3861482;4296261;8103358;3805724;4297634;8788177;4205975;4582202
"Estados Unidos Mexicanos";"30 a 34 años";5387619;2578736;2808883;6564605;3152462;3412143;7136523;3383356;3753167;7933951;3745974;4187977;8470798;4026031;4444767
"Estados Unidos Mexicanos";"35 a 39 años";4579116;2210565;2368551;5820178;2804296;3015882;6352538;3023328;3329210;7112526;3371372;3741154;8292987;3964738;4328249
"Estados Unidos Mexicanos";"40 a 44 años";3497770;1705013;1792757;4434317;2173041;2261276;5194833;2494771;2700062;6017268;2871549;3145719;7009226;3350322;3658904
"Estados Unidos Mexicanos";"45 a 49 años";2971860;1452573;1519287;3612452;1763505;1848947;4072091;1957177;2114914;5015255;2388149;2627106;5928730;2824364;3104366
"Estados Unidos Mexicanos";"50 a 54 años";2393791;1161875;1231916;2896049;1418508;1477541;3357953;1624033;1733920;4090650;1959720;2130930;5064291;2402451;2661840
"Estados Unidos Mexicanos";"55 a 59 años";1894484;918864;975620;2231897;1083293;1148604;2559231;1234072;1325159;3117071;1497981;1619090;3895365;1869537;2025828
"Estados Unidos Mexicanos";"60 a 64 años";1611317;769917;841400;1941953;929650;1012303;2198146;1045404;1152742;2622476;1243788;1378688;3116466;1476667;1639799
"Estados Unidos Mexicanos";"65 a 69 años";1183651;567641;616010;1425809;674004;751805;1660785;779666;881119;1958069;922592;1035477;2317265;1095273;1221992
"Estados Unidos Mexicanos";"70 a 74 años";827027;394031;432996;1079803;521069;558734;1245674;589106;656568;1496691;703277;793414;1873934;873893;1000041
"Estados Unidos Mexicanos";"75 a 79 años";590836;277835;313001;666196;317553;348643;865270;411197;454073;1048315;490840;557475;1245483;579689;665794
"Estados Unidos Mexicanos";"80 a 84 años";401832;179820;222012;434120;193923;240197;483876;217330;266546;657011;296351;360660;798936;355277;443659
"Estados Unidos Mexicanos";"85 a 89 años";225450;99299;126151;252802;112158;140644;290051;125041;165010;345154;150617;194537;454164;197461;256703
"Estados Unidos Mexicanos";"90 a 94 años";91189;38021;53168;105150;44789;60361;122006;50843;71163;132325;54391;77934;164924;68130;96794
"Estados Unidos Mexicanos";"95 a 99 años";37689;15069;22620;49764;20716;29048;62892;25741;37151;61145;24439;36706;65732;25920;39812
"Estados Unidos Mexicanos";"100 años y más";19167;7092;12075;14046;5137;8909;19757;8029;11728;17649;6696;10953;18475;7228;11247
"Estados Unidos Mexicanos";"No especificado";492265;240058;252207;214853;103210;111643;2053801;1033675;1020126;2810720;1406199;1404521;1397406;700219;697187
"Aguascalientes";"Total";719659;350218;369441;862720;422324;440396;944285;456533;487752;1065416;515364;550052;1184996;576638;608358
"Aguascalientes";"0 a 4 años";98013;49576;48437;112429;56920;55509;116137;58831;57306;118536;60406;58130;121557;61941;59616
"Aguascalientes";"5 a 9 años";98158;49742;48416;107680;54663;53017;117375;59375;58000;120130;60900;59230;128874;65572;63302
"Aguascalientes";"10 a 14 años";94971;47751;47220;104083;52977;51106;108532;54930;53602;120280;60816;59464;123806;62615;61191
"Aguascalientes";"15 a 19 años";87750;42735;45015;97061;48025;49036;99577;48733;50844;107007;52748;54259;121428;60636;60792
"Aguascalientes";"20 a 24 años";69577;32248;37329;88901;42402;46499;87508;40526;46982;93139;43716;49423;106305;51431;54874
"Aguascalientes";"25 a 29 años";55660;26182;29478;71839;33658;38181;79200;36461;42739;83073;38437;44636;93604;44568;49036
"Aguascalientes";"30 a 34 años";46833;21920;24913;62217;29478;32739;70317;32438;37879;82651;38373;44278;88726;41962;46764
"Aguascalientes";"35 a 39 años";38127;18255;19872;52549;25116;27433;60839;28736;32103;73006;34068;38938;86254;40569;45685
"Aguascalientes";"40 a 44 años";29392;13962;15430;40131;19467;20664;49365;23383;25982;61553;29044;32509;73084;34381;38703
"Aguascalientes";"45 a 49 años";23788;11650;12138;31678;15260;16418;37541;17855;19686;49233;23155;26078;60198;28420;31778
"Aguascalientes";"50 a 54 años";18093;8523;9570;24525;11930;12595;30202;14400;15802;39222;18636;20586;49980;23436;26544
"Aguascalientes";"55 a 59 años";14905;7045;7860;17646;8436;9210;22094;10638;11456;29196;13802;15394;37543;17960;19583
"Aguascalientes";"60 a 64 años";13035;6059;6976;15900;7378;8522;17759;8129;9630;23168;10959;12209;29258;13686;15572
"Aguascalientes";"65 a 69 años";10091;4755;5336;11870;5412;6458;13752;6333;7419;16290;7509;8781;21004;9895;11109
"Aguascalientes";"70 a 74 años";6731;3191;3540;9452;4438;5014;10714;4901;5813;12912;5935;6977;15254;6967;8287
"Aguascalientes";"75 a 79 años";5378;2540;2838;5771;2738;3033;7754;3648;4106;9203;4193;5010;10673;4862;5811
"Aguascalientes";"80 a 84 años";3661;1622;2039;3892;1776;2116;4336;1915;2421;6155;2668;3487;7228;3094;4134
"Aguascalientes";"85 a 89 años";2221;978;1243;2428;1063;1365;2726;1185;1541;3140;1384;1756;4061;1780;2281
"Aguascalientes";"90 a 94 años";715;295;420;975;409;566;1169;466;703;1302;542;760;1467;605;862
"Aguascalientes";"95 a 99 años";237;81;156;380;154;226;542;241;301;503;197;306;551;229;322
"Aguascalientes";"100 años y más";78;24;54;59;17;42;102;44;58;98;41;57;109;45;64
"Aguascalientes";"No especificado";2245;1084;1161;1254;607;647;6744;3365;3379;15619;7835;7784;4032;1984;2048
"Baja California";"Total";1660855;832090;828765;2112140;1064591;1047549;2487367;1252581;1234786;2844469;1431789;1412680;3155070;1591610;1563460
"Baja California";"0 a 4 años";202831;102769;100062;257856;131186;126670;268682;136979;131703;267954;136245;131709;293234;149167;144067
"Baja California";"5 a 9 años";185303;94240;91063;238928;121542;117386;260331;132492;127839;277635;141538;136097;303180;153886;149294
"Baja California";"10 a 14 años";180428;90526;89902;208902;106410;102492;226758;115261;111497;267938;136669;131269;305472;155483;149989
"Baja California";"15 a 19 años";202116;102807;99309;215142;108162;106980;220707;112046;108661;255309;129298;126011;299195;152077;147118
"Baja California";"20 a 24 años";184182;92536;91646;240052;121008;119044;231966;115775;116191;246968;123808;123160;286479;144597;141882
"Baja California";"25 a 29 años";151366;75448;75918;208348;105757;102591;230907;116644;114263;241951;120390;121561;265428;133546;131882
"Baja California";"30 a 34 años";122683;60562;62121;175151;88797;86354;197807;100728;97079;240879;121987;118892;264023;132857;131166
"Baja California";"35 a 39 años";97317;48138;49179;143144;71708;71436;165348;83873;81475;208125;106746;101379;264063;135331;128732
"Baja California";"40 a 44 años";71766;35438;36328;105499;52968;52531;126564;63537;63027;164598;83803;80795;215049;110722;104327
"Baja California";"45 a 49 años";58601;29052;29549;80606;39883;40723;92839;46040;46799;128512;64198;64314;171104;86928;84176
"Baja California";"50 a 54 años";47458;23536;23922;64059;31978;32081;73548;36227;37321;99356;49179;50177;136690;68093;68597
"Baja California";"55 a 59 años";37179;18425;18754;47838;23550;24288;53639;26116;27523;71624;35077;36547;97874;48250;49624
"Baja California";"60 a 64 años";30769;15152;15617;40558;19816;20742;44174;21414;22760;56711;27276;29435;75229;36151;39078
"Baja California";"65 a 69 años";22752;11514;11238;29724;14528;15196;32561;15643;16918;40660;19468;21192;52560;25086;27474
"Baja California";"70 a 74 años";14420;7171;7249;21048;10598;10450;23192;11386;11806;28923;13866;15057;37742;17956;19786
"Baja California";"75 a 79 años";9438;4417;5021;12270;6068;6202;15403;7530;7873;18815;8983;9832;24055;11223;12832
"Baja California";"80 a 84 años";5456;2350;3106;7248;3211;4037;8005;3666;4339;11375;5240;6135;14744;6578;8166
"Baja California";"85 a 89 años";2939;1224;1715;3702;1516;2186;4322;1706;2616;5453;2363;3090;7764;3360;4404
"Baja California";"90 a 94 años";1027;419;608;1336;530;806;1675;694;981;1987;717;1270;2641;1079;1562
"Baja California";"95 a 99 años";412;158;254;572;228;344;857;340;517;792;274;518;913;314;599
"Baja California";"100 años y más";189;77;112;141;49;92;266;114;152;172;58;114;206;57;149
"Baja California";"No especificado";32223;16131;16092;10016;5098;4918;207816;104370;103446;208732;104606;104126;37425;18869;18556
"Baja California Sur";"Total";317764;161833;155931;375494;191013;184481;424041;216250;207791;512170;261288;250882;637026;325433;311593
"Baja California Sur";"0 a 4 años";38275;19453;18822;42732;21829;20903;45613;23303;22310;49069;25004;24065;60758;30840;29918
"Baja California Sur";"5 a 9 años";38661;19802;18859;42977;21914;21063;45929;23414;22515;49164;25216;23948;60334;30636;29698
"Baja California Sur";"10 a 14 años";38849;19717;19132;41165;21139;20026;43302;22058;21244;48106;24492;23614;57380;29340;28040
"Baja California Sur";"15 a 19 años";37202;19008;18194;40586;20591;19995;42376;21922;20454;46700;24156;22544;57713;29730;27983
"Baja California Sur";"20 a 24 años";32187;16219;15968;39231;19607;19624;42278;21345;20933;46222;23777;22445;58690;30273;28417
"Baja California Sur";"25 a 29 años";28300;14015;14285;34454;17321;17133;40264;20373;19891;45939;23376;22563;57525;29600;27925
"Baja California Sur";"30 a 34 años";24249;12152;12097;30976;15373;15603;35609;18036;17573;43628;22203;21425;56159;28734;27425
"Baja California Sur";"35 a 39 años";19309;10012;9297;26784;13577;13207;31282;15778;15504;38197;19506;18691;52235;26810;25425
"Baja California Sur";"40 a 44 años";14151;7344;6807;19764;10270;9494;25053;12759;12294;31526;15928;15598;42163;21760;20403
"Baja California Sur";"45 a 49 años";11427;6016;5411;14905;7786;7119;18593;9702;8891;25121;12756;12365;34308;17451;16857
"Baja California Sur";"50 a 54 años";8654;4570;4084;11611;6110;5501;14109;7329;6780;19430;10087;9343;28122;14297;13825
"Baja California Sur";"55 a 59 años";6897;3680;3217;8618;4574;4044;10631;5492;5139;13781;7152;6629;20188;10384;9804
"Baja California Sur";"60 a 64 años";5301;2730;2571;6868;3545;3323;8248;4294;3954;10783;5510;5273;14895;7573;7322
"Baja California Sur";"65 a 69 años";3954;2068;1886;5061;2574;2487;6145;3169;2976;7544;3848;3696;10279;5225;5054
"Baja California Sur";"70 a 74 años";2709;1374;1335;3560;1870;1690;4176;2107;2069;5254;2626;2628;7012;3480;3532
"Baja California Sur";"75 a 79 años";1896;921;975;2353;1140;1213;2894;1437;1457;3488;1706;1782;4598;2283;2315
"Baja California Sur";"80 a 84 años";1129;518;611;1430;657;773;1725;790;935;2154;992;1162;2805;1284;1521
"Baja California Sur";"85 a 89 años";698;299;399;795;355;440;966;408;558;1168;483;685;1589;677;912
"Baja California Sur";"90 a 94 años";250;102;148;321;131;190;361;161;200;440;160;280;655;265;390
"Baja California Sur";"95 a 99 años";97;33;64;149;46;103;221;80;141;177;76;101;223;82;141
"Baja California Sur";"100 años y más";65;17;48;35;13;22;53;23;30;45;18;27;58;27;31
"Baja California Sur";"No especificado";3504;1783;1721;1119;591;528;4213;2270;1943;24234;12216;12018;9337;4682;4655
"Campeche";"Total";535185;268772;266413;642516;322991;319525;690689;344334;346355;754730;373457;381273;822441;407721;414720
"Campeche";"0 a 4 años";71130;35835;35295;80026;40710;39316;78424;39670;38754;73461;37327;36134;76925;39317;37608
"Campeche";"5 a 9 años";72228;36495;35733;80680;40787;39893;83090;41982;41108;79199;40040;39159;78299;39758;38541
"Campeche";"10 a 14 años";68224;34443;33781;77875;39434;38441;80246;40529;39717;83597;42346;41251;81314;41146;40168
"Campeche";"15 a 19 años";60846;30303;30543;71464;35725;35739;73769;36751;37018;77485;38458;39027;82920;41693;41227
"Campeche";"20 a 24 años";49953;24470;25483;64693;31663;33030;66395;31911;34484;70006;33347;36659;76388;37219;39169
"Campeche";"25 a 29 años";41646;20214;21432;52129;25406;26723;57599;27661;29938;62455;29579;32876;68197;32562;35635
"Campeche";"30 a 34 años";34489;17076;17413;45219;22241;22978;50021;24435;25586;59665;28481;31184;64927;30991;33936
"Campeche";"35 a 39 años";31017;15436;15581;40558;20102;20456;45603;22444;23159;52899;25770;27129;61896;30049;31847
"Campeche";"40 a 44 años";22303;11216;11087;30851;15718;15133;36088;18061;18027;43896;21696;22200;50522;24853;25669
"Campeche";"45 a 49 años";18748;9739;9009;24521;12510;12011;28962;14474;14488;36152;17881;18271;42811;21000;21811
"Campeche";"50 a 54 años";14480;7362;7118;18502;9543;8959;22362;11346;11016;29746;14818;14928;35658;17658;18000
"Campeche";"55 a 59 años";11782;6016;5766;14680;7439;7241;16699;8540;8159;21475;10823;10652;28316;14154;14162
"Campeche";"60 a 64 años";10404;5481;4923;12842;6619;6223;14546;7371;7175;17979;9081;8898;21379;10611;10768
"Campeche";"65 a 69 años";7175;3746;3429;9347;4867;4480;10683;5389;5294;12827;6339;6488;15079;7595;7484
"Campeche";"70 a 74 años";5448;2991;2457;7362;3982;3380;8374;4412;3962;9830;5097;4733;12890;6468;6422
"Campeche";"75 a 79 años";3362;1818;1544;4504;2443;2061;5787;3093;2694;7153;3780;3373;8320;4276;4044
"Campeche";"80 a 84 años";2260;1259;1001;2674;1408;1266;3421;1789;1632;4407;2250;2157;5254;2687;2567
"Campeche";"85 a 89 años";1193;621;572;1449;766;683;1777;912;865;2579;1333;1246;3209;1620;1589
"Campeche";"90 a 94 años";529;262;267;682;363;319;714;370;344;890;451;439;1127;573;554
"Campeche";"95 a 99 años";236;123;113;304;162;142;414;205;209;405;234;171;479;223;256
"Campeche";"100 años y más";129;53;76;125;57;68;149;79;70;140;73;67;142;75;67
"Campeche";"No especificado";7603;3813;3790;2029;1046;983;5566;2910;2656;8484;4253;4231;6389;3193;3196
"Coahuila de Zaragoza";"Total";1972340;979097;993243;2173775;1080594;1093181;2298070;1140195;1157875;2495200;1236880;1258320;2748391;1364197;1384194
"Coahuila de Zaragoza";"0 a 4 años";230050;116635;113415;253150;128620;124530;253171;129130;124041;249590;126956;122634;258246;131289;126957
"Coahuila de Zaragoza";"5 a 9 años";235925;119677;116248;241326;122663;118663;257228;130718;126510;257277;130816;126461;270736;137858;132878
"Coahuila de Zaragoza";"10 a 14 años";251883;126837;125046;236394;119915;116479;234659;119135;115524;257591;130729;126862;268193;136153;132040
"Coahuila de Zaragoza";"15 a 19 años";243023;121309;121714;240739;120684;120055;225416;113776;111640;231405;116757;114648;261942;132477;129465
"Coahuila de Zaragoza";"20 a 24 años";198192;97253;100939;231564;113983;117581;223857;110790;113067;214562;107233;107329;230132;115443;114689
"Coahuila de Zaragoza";"25 a 29 años";160430;77799;82631;187979;91537;96442;204662;99588;105074;206859;101494;105365;210236;104230;106006
"Coahuila de Zaragoza";"30 a 34 años";136866;66375;70491;164412;79968;84444;179690;86903;92787;205193;99340;105853;216325;106088;110237
"Coahuila de Zaragoza";"35 a 39 años";112282;55433;56849;143230;69986;73244;157386;76375;81011;180228;87416;92812;211770;103371;108399
"Coahuila de Zaragoza";"40 a 44 años";88783;43667;45116;109439;54275;55164;128951;63095;65856;152496;74035;78461;177554;86374;91180
"Coahuila de Zaragoza";"45 a 49 años";74867;37181;37686;90101;44548;45553;98997;48525;50472;126257;61359;64898;150271;72906;77365
"Coahuila de Zaragoza";"50 a 54 años";61385;30195;31190;72230;35823;36407;82932;40702;42230;100907;49273;51634;125961;60909;65052
"Coahuila de Zaragoza";"55 a 59 años";47028;23310;23718;56802;28056;28746;63057;30959;32098;77889;38342;39547;95121;46924;48197
"Coahuila de Zaragoza";"60 a 64 años";40013;19422;20591;47416;23213;24203;53853;26017;27836;64043;30923;33120;77527;37467;40060
"Coahuila de Zaragoza";"65 a 69 años";29448;14444;15004;35309;16920;18389;39173;18870;20303;47679;22958;24721;55667;26827;28840
"Coahuila de Zaragoza";"70 a 74 años";19256;9409;9847;25443;12520;12923;28943;13890;15053;34186;16539;17647;42832;20407;22425
"Coahuila de Zaragoza";"75 a 79 años";14169;6750;7419;15572;7592;7980;19396;9322;10074;23529;11268;12261;27610;13197;14413
"Coahuila de Zaragoza";"80 a 84 años";9569;4361;5208;9618;4404;5214;10102;4679;5423;13768;6248;7520;17076;7645;9431
"Coahuila de Zaragoza";"85 a 89 años";5085;2353;2732;5983;2610;3373;6051;2555;3496;6882;3081;3801;9002;3900;5102
"Coahuila de Zaragoza";"90 a 94 años";1715;685;1030;2044;904;1140;2420;991;1429;2396;967;1429;2959;1238;1721
"Coahuila de Zaragoza";"95 a 99 años";633;238;395;873;370;503;1027;428;599;1056;393;663;1008;385;623
"Coahuila de Zaragoza";"100 años y más";277;109;168;169;66;103;253;87;166;225;84;141;263;91;172
"Coahuila de Zaragoza";"No especificado";11461;5655;5806;3982;1937;2045;26846;13660;13186;41182;20669;20513;37960;19018;18942
"Colima";"Total";428510;212543;215967;488028;242787;245241;542627;268192;274435;567996;280005;287991;650555;322790;327765
"Colima";"0 a 4 años";52269;26373;25896;54512;28006;26506;53295;27427;25868;51929;26388;25541;58263;29676;28587
"Colima";"5 a 9 años";54412;27572;26840;57304;29014;28290;57165;29298;27867;53742;27734;26008;59869;30334;29535
"Colima";"10 a 14 años";55609;28241;27368;57444;29269;28175;57422;29057;28365;56990;29280;27710;59473;30707;28766
"Colima";"15 a 19 años";52837;26276;26561;55665;27879;27786;54826;27289;27537;56534;28076;28458;62323;31543;30780
"Colima";"20 a 24 años";40023;19064;20959;50183;24385;25798;48878;23281;25597;50049;24135;25914;60070;29487;30583
"Colima";"25 a 29 años";33413;16014;17399;39747;18987;20760;43310;20598;22712;44660;21164;23496;53136;25994;27142
"Colima";"30 a 34 años";28739;13998;14741;35694;17201;18493;38024;17968;20056;44016;21077;22939;50521;24590;25931
"Colima";"35 a 39 años";24122;11835;12287;32099;15693;16406;35524;17173;18351;39605;18850;20755;48863;23868;24995
"Colima";"40 a 44 años";18372;9133;9239;24674;12314;12360;29529;14500;15029;34968;16970;17998;41432;20101;21331
"Colima";"45 a 49 años";15453;7749;7704;19427;9797;9630;22683;11218;11465;28969;14171;14798;35812;17505;18307
"Colima";"50 a 54 años";12009;5960;6049;15550;7739;7811;18269;9096;9173;23348;11439;11909;30917;15247;15670
"Colima";"55 a 59 años";9293;4640;4653;11815;5949;5866;14053;7006;7047;17614;8732;8882;23301;11581;11720
"Colima";"60 a 64 años";8057;3994;4063;9813;4778;5035;11339;5529;5810;14442;7075;7367;18355;8939;9416
"Colima";"65 a 69 años";6631;3271;3360;7519;3722;3797;8777;4211;4566;10530;5110;5420;13806;6765;7041
"Colima";"70 a 74 años";5054;2509;2545;6251;3167;3084;6599;3297;3302;7947;3836;4111;10239;4918;5321
"Colima";"75 a 79 años";3497;1702;1795;4261;2092;2169;5086;2532;2554;5679;2765;2914;6976;3375;3601
"Colima";"80 a 84 años";2222;1087;1135;2778;1289;1489;3129;1474;1655;3908;1821;2087;4565;2050;2515
"Colima";"85 a 89 años";1246;580;666;1551;740;811;1879;849;1030;2327;1060;1267;2906;1352;1554
"Colima";"90 a 94 años";528;248;280;659;292;367;760;332;428;946;435;511;1259;531;728
"Colima";"95 a 99 años";224;91;133;335;138;197;397;180;217;416;183;233;499;228;271
"Colima";"100 años y más";135;43;92;74;34;40;128;59;69;121;61;60;123;65;58
"Colima";"No especificado";4365;2163;2202;673;302;371;31555;15818;15737;19256;9643;9613;7847;3934;3913
"Chiapas";"Total";3210496;1604773;1605723;3584786;1790580;1794206;3920892;1941880;1979012;4293459;2108830;2184629;4796580;2352807;2443773
"Chiapas";"0 a 4 años";489348;246575;242773;501668;253905;247763;483372;245014;238358;490058;248713;241345;540459;273660;266799
"Chiapas";"5 a 9 años";492534;248484;244050;509161;257540;251621;518550;261521;257029;512440;260077;252363;554692;280057;274635
"Chiapas";"10 a 14 años";438235;222491;215744;473016;239795;233221;488791;247331;241460;537725;271971;265754;549896;279274;270622
"Chiapas";"15 a 19 años";364776;179226;185550;417806;206179;211627;433517;212353;221164;471331;230408;240923;530233;262407;267826
"Chiapas";"20 a 24 años";290946;140236;150710;339774;163857;175917;361994;172044;189950;383455;179238;204217;438019;207582;230437
"Chiapas";"25 a 29 años";242845;116953;125892;273873;131357;142516;292960;138292;154668;324289;150453;173836;366537;170660;195877
"Chiapas";"30 a 34 años";189068;93918;95150;222885;109684;113201;242588;116714;125874;283522;132962;150560;335370;157234;178136
"Chiapas";"35 a 39 años";172594;85577;87017;207954;102135;105819;226620;109185;117435;257320;121598;135722;307983;145306;162677
"Chiapas";"40 a 44 años";122305;61690;60615;151151;76939;74212;174699;87135;87564;210437;102657;107780;246620;119049;127571
"Chiapas";"45 a 49 años";106102;53861;52241;124169;62898;61271;141959;70479;71480;176142;86422;89720;212924;103387;109537
"Chiapas";"50 a 54 años";80547;41531;39016;96273;49650;46623;110635;56191;54444;139301;69845;69456;174407;85517;88890
"Chiapas";"55 a 59 años";59003;30533;28470;71025;36280;34745;83843;42296;41547;103667;51992;51675;137559;69026;68533
"Chiapas";"60 a 64 años";52373;27349;25024;61519;31695;29824;72099;36805;35294;98728;48847;49881;110499;54902;55597
"Chiapas";"65 a 69 años";31946;16456;15490;40548;20533;20015;49327;24592;24735;63469;31538;31931;78922;38302;40620
"Chiapas";"70 a 74 años";26198;13593;12605;31734;16544;15190;37597;19429;18168;46845;24124;22721;68500;34470;34030
"Chiapas";"75 a 79 años";15980;8480;7500;18589;9796;8793;23858;12422;11436;31858;16440;15418;39750;20238;19512
"Chiapas";"80 a 84 años";12562;6253;6309;13071;6495;6576;14768;7451;7317;19141;9728;9413;24678;12299;12379
"Chiapas";"85 a 89 años";5934;3101;2833;6412;3299;3113;7712;3817;3895;10593;5355;5238;13513;6572;6941
"Chiapas";"90 a 94 años";3403;1708;1695;3612;1833;1779;3896;1892;2004;4097;1993;2104;5569;2754;2815
"Chiapas";"95 a 99 años";1578;768;810;1848;908;940;2309;1126;1183;2352;1175;1177;2583;1226;1357
"Chiapas";"100 años y más";1354;662;692;1074;539;535;1241;611;630;1267;615;652;1467;726;741
"Chiapas";"No especificado";10865;5328;5537;17624;8719;8905;148557;75180;73377;125422;62679;62743;56400;28159;28241
"Chihuahua";"Total";2441873;1213302;1228571;2793537;1391914;1401623;3052907;1519972;1532935;3241444;1610275;1631169;3406465;1692545;1713920
"Chihuahua";"0 a 4 años";291158;147694;143464;330996;168403;162593;334521;169900;164621;320384;162947;157437;322676;163607;159069
"Chihuahua";"5 a 9 años";285488;144750;140738;320170;162991;157179;341921;173436;168485;324350;164698;159652;335064;170477;164587
"Chihuahua";"10 a 14 años";282115;142712;139403;293173;149003;144170;306679;155835;150844;322642;163733;158909;324661;164749;159912
"Chihuahua";"15 a 19 años";299267;150558;148709;291853;146786;145067;290939;147754;143185;300186;151797;148389;322034;162488;159546
"Chihuahua";"20 a 24 años";254240;125338;128902;299966;148984;150982;280013;139615;140398;267506;133526;133980;285872;142953;142919
"Chihuahua";"25 a 29 años";205168;99585;105583;254432;125406;129026;272404;134363;138041;250016;123385;126631;255036;126385;128651
"Chihuahua";"30 a 34 años";167343;80883;86460;216249;106152;110097;242428;119203;123225;257676;127117;130559;251304;124137;127167
"Chihuahua";"35 a 39 años";134488;65467;69021;181098;88099;92999;207365;101506;105859;233533;114930;118603;259968;128448;131520
"Chihuahua";"40 a 44 años";106890;52131;54759;134678;66021;68657;162697;79276;83421;193322;94501;98821;222756;109944;112812
"Chihuahua";"45 a 49 años";94003;46202;47801;110031;53545;56486;121932;58943;62989;153968;74445;79523;183153;89363;93790
"Chihuahua";"50 a 54 años";79277;39300;39977;93325;45975;47350;103012;50052;52960;119550;57774;61776;149069;71988;77081
"Chihuahua";"55 a 59 años";60363;29981;30382;74656;36676;37980;81615;39566;42049;92987;44511;48476;108607;52311;56296
"Chihuahua";"60 a 64 años";51221;25053;26168;63150;31027;32123;71437;34821;36616;80050;38234;41816;89542;42534;47008
"Chihuahua";"65 a 69 años";36349;18043;18306;45828;22185;23643;51719;25177;26542;62659;30067;32592;68809;32811;35998
"Chihuahua";"70 a 74 años";24255;11765;12490;32628;16266;16362;37728;18255;19473;45078;21842;23236;54419;26273;28146
"Chihuahua";"75 a 79 años";18040;8752;9288;19503;9418;10085;24488;11965;12523;29983;14348;15635;34386;16544;17842
"Chihuahua";"80 a 84 años";11485;5410;6075;12527;5836;6691;12813;5889;6924;17235;7908;9327;20704;9435;11269
"Chihuahua";"85 a 89 años";5634;2508;3126;7069;3174;3895;7526;3344;4182;8045;3564;4481;10184;4404;5780
"Chihuahua";"90 a 94 años";1969;849;1120;2387;1033;1354;2770;1166;1604;2931;1158;1773;3294;1383;1911
"Chihuahua";"95 a 99 años";644;247;397;988;428;560;1242;531;711;1078;400;678;1101;428;673
"Chihuahua";"100 años y más";318;121;197;218;90;128;329;148;181;224;90;134;286;113;173
"Chihuahua";"No especificado";32158;15953;16205;8612;4416;4196;97329;49227;48102;158041;79300;78741;103540;51770;51770
"Ciudad de México";"Total";8235744;3939911;4295833;8489007;4075902;4413105;8605239;4110485;4494754;8720916;4171683;4549233;8851080;4233783;4617297
"Ciudad de México";"0 a 4 años";833591;423599;409992;780705;397471;383234;737934;375222;362712;664092;338207;325885;618245;314701;303544
"Ciudad de México";"5 a 9 años";837642;423802;413840;785466;399659;385807;764094;387936;376158;671579;341618;329961;658948;334885;324063
"Ciudad de México";"10 a 14 años";837766;418552;419214;781808;394202;387606;742986;375369;367617;704950;357106;347844;660345;334674;325671
"Ciudad de México";"15 a 19 años";976029;472392;503637;848416;412443;435973;798349;390049;408300;740280;368042;372238;723372;363265;360107
"Ciudad de México";"20 a 24 años";898114;430901;467213;964075;464586;499489;832517;400924;431593;765641;373044;392597;753404;372368;381036
"Ciudad de México";"25 a 29 años";778695;372514;406181;826960;398800;428160;840487;403311;437176;735441;353337;382104;726696;352969;373727
"Ciudad de México";"30 a 34 años";659098;310444;348654;725263;343863;381400;731452;346860;384592;755600;359952;395648;702642;335988;366654
"Ciudad de México";"35 a 39 años";544706;255606;289100;643428;303002;340426;655973;307235;348738;678990;319519;359471;722214;341865;380349
"Ciudad de México";"40 a 44 años";417720;196228;221492;499935;236398;263537;556565;258920;297645;596540;278656;317884;629563;295151;334412
"Ciudad de México";"45 a 49 años";338444;158036;180408;402093;188011;214082;441804;203214;238590;515878;237757;278121;555481;256078;299403
"Ciudad de México";"50 a 54 años";274523;124635;149888;325253;151341;173912;373595;171939;201656;441077;202356;238721;506310;230325;275985
"Ciudad de México";"55 a 59 años";223519;99161;124358;235829;106781;129048;269845;122660;147185;329553;150909;178644;392186;179065;213121
"Ciudad de México";"60 a 64 años";192053;82016;110037;212782;92245;120537;227283;99194;128089;263228;117398;145830;315793;141010;174783
"Ciudad de México";"65 a 69 años";145729;62266;83463;158713;66784;91929;175174;73983;101191;192699;83931;108768;227625;99910;127715
"Ciudad de México";"70 a 74 años";95658;39526;56132;119920;50741;69179;134345;55057;79288;164150;67932;96218;179329;75227;104102
"Ciudad de México";"75 a 79 años";70158;27810;42348;71291;29171;42120;92943;38025;54918;110512;44280;66232;124499;50795;73704
"Ciudad de México";"80 a 84 años";44999;16597;28402;46687;17256;29431;51638;19383;32255;72725;27752;44973;85121;32012;53109
"Ciudad de México";"85 a 89 años";25300;8537;16763;26414;9414;17000;30845;10712;20133;35912;12752;23160;47170;17062;30108
"Ciudad de México";"90 a 94 años";9038;2745;6293;10508;3492;7016;12237;3971;8266;14084;4564;9520;17225;5529;11696
"Ciudad de México";"95 a 99 años";3060;870;2190;4126;1269;2857;5012;1565;3447;5176;1589;3587;5797;1688;4109
"Ciudad de México";"100 años y más";988;253;735;685;186;499;1163;413;750;952;254;698;1089;321;768
"Ciudad de México";"No especificado";28914;13421;15493;18650;8787;9863;128998;64543;64455;261857;130728;131129;198026;98895;99131
"Durango";"Total";1349378;664766;684612;1431748;709268;722480;1448661;709521;739140;1509117;738095;771022;1632934;803890;829044
"Durango";"0 a 4 años";177249;89553;87696;175246;89065;86181;168897;85927;82970;158588;80812;77776;161700;82046;79654
"Durango";"5 a 9 años";182860;92794;90066;180229;91542;88687;177062;89736;87326;165488;84071;81417;166853;84823;82030
"Durango";"10 a 14 años";189988;96000;93988;175910;89312;86598;172365;87255;85110;171314;86908;84406;167180;84969;82211
"Durango";"15 a 19 años";165463;82090;83373;165403;83030;82373;150569;74630;75939;156434;77795;78639;166366;84036;82330
"Durango";"20 a 24 años";121376;57112;64264;140244;68068;72176;129322;61380;67942;124920;59372;65548;143377;70380;72997
"Durango";"25 a 29 años";96432;45069;51363;109163;51815;57348;113003;53011;59992;111556;52329;59227;117714;56978;60736
"Durango";"30 a 34 años";80561;38066;42495;95654;45515;50139;100022;46641;53381;110058;51803;58255;115294;55171;60123
"Durango";"35 a 39 años";68315;32720;35595;83865;40309;43556;90218;42492;47726;99365;46784;52581;112837;54244;58593
"Durango";"40 a 44 años";54334;26212;28122;64382;31247;33135;73203;34716;38487;85571;40303;45268;96859;46107;50752
"Durango";"45 a 49 años";48644;23760;24884;54268;26415;27853;57469;27538;29931;70558;33419;37139;82516;38967;43549
"Durango";"50 a 54 años";41529;20480;21049;45710;22699;23011;48972;23698;25274;57570;27707;29863;70274;33322;36952
"Durango";"55 a 59 años";33821;16765;17056;37306;18511;18795;39206;19190;20016;45386;21832;23554;53875;26022;27853
"Durango";"60 a 64 años";28239;14006;14233;33863;16789;17074;36689;17978;18711;40026;19550;20476;44693;21418;23275
"Durango";"65 a 69 años";20214;10259;9955;24605;12220;12385;27761;13685;14076;31835;15693;16142;34601;16948;17653
"Durango";"70 a 74 años";13507;6714;6793;17811;9022;8789;20362;10158;10204;24425;12125;12300;29733;14618;15115
"Durango";"75 a 79 años";10397;5211;5186;10563;5306;5257;13433;6802;6631;16824;8396;8428;19595;9739;9856
"Durango";"80 a 84 años";7515;3696;3819;7168;3453;3715;6877;3247;3630;9837;4828;5009;12039;5751;6288
"Durango";"85 a 89 años";3908;1899;2009;4640;2213;2427;4431;2068;2363;4700;2165;2535;6079;2885;3194
"Durango";"90 a 94 años";1468;676;792;1612;762;850;1906;856;1050;1784;813;971;1953;843;1110
"Durango";"95 a 99 años";553;241;312;692;303;389;886;383;503;798;346;452;753;336;417
"Durango";"100 años y más";208;74;134;189;59;130;255;104;151;243;104;139;235;84;151
"Durango";"No especificado";2797;1369;1428;3225;1613;1612;15753;8026;7727;21837;10940;10897;28408;14203;14205
"Guanajuato";"Total";3982593;1926735;2055858;4406568;2139104;2267464;4663032;2233315;2429717;4893812;2329136;2564676;5486372;2639425;2846947
"Guanajuato";"0 a 4 años";542798;274052;268746;561702;284585;277117;564593;286535;278058;527480;267399;260081;547466;277260;270206
"Guanajuato";"5 a 9 años";552143;278071;274072;561618;284373;277245;582207;293238;288969;551459;279081;272378;579121;293697;285424
"Guanajuato";"10 a 14 años";547837;274980;272857;557242;280314;276928;560147;282245;277902;569357;286789;282568;580600;293612;286988
"Guanajuato";"15 a 19 años";479117;229949;249168;513332;248784;264548;501053;238000;263053;504643;241953;262690;570965;281501;289464
"Guanajuato";"20 a 24 años";367907;166925;200982;443945;204358;239587;435713;195148;240565;425409;188993;236416;493167;230992;262175
"Guanajuato";"25 a 29 años";285440;130966;154474;345170;159824;185346;371568;167169;204399;377109;167451;209658;425291;196248;229043
"Guanajuato";"30 a 34 años";238296;111057;127239;292316;136510;155806;322249;147304;174945;361384;163437;197947;407712;187888;219824
"Guanajuato";"35 a 39 años";201188;95220;105968;255552;121364;134188;280637;129610;151027;321689;147170;174519;387687;181162;206525
"Guanajuato";"40 a 44 años";153691;73562;80129;196209;94705;101504;229441;107801;121640;269592;124556;145036;324654;150828;173826
"Guanajuato";"45 a 49 años";129632;61931;67701;157073;75860;81213;177786;84189;93597;219520;102288;117232;266465;123887;142578
"Guanajuato";"50 a 54 años";106186;50466;55720;127784;61421;66363;146282;69721;76561;180011;84056;95955;225760;105052;120708
"Guanajuato";"55 a 59 años";85656;40946;44710;96922;46387;50535;111802;53119;58683;135455;64147;71308;174400;82431;91969
"Guanajuato";"60 a 64 años";77502;36783;40719;90404;42947;47457;98676;46357;52319;117552;54792;62760;140229;65751;74478
"Guanajuato";"65 a 69 años";55479;26561;28918;67006;31703;35303;76586;36029;40557;87450;41027;46423;105229;49694;55535
"Guanajuato";"70 a 74 años";40520;19316;21204;53790;26018;27772;62089;29690;32399;71388;33672;37716;86650;40438;46212
"Guanajuato";"75 a 79 años";30476;14465;16011;31365;14860;16505;42290;20215;22075;51797;24481;27316;60341;28292;32049
"Guanajuato";"80 a 84 años";23359;10828;12531;23999;10900;13099;23925;10852;13073;34405;15638;18767;42362;19159;23203
"Guanajuato";"85 a 89 años";13548;6292;7256;14196;6651;7545;15706;7049;8657;17077;7610;9467;24163;10738;13425
"Guanajuato";"90 a 94 años";5367;2349;3018;6241;2787;3454;7235;3143;4092;7351;3125;4226;8603;3616;4987
"Guanajuato";"95 a 99 años";2066;809;1257;2681;1132;1549;3680;1528;2152;3392;1396;1996;3588;1403;2185
"Guanajuato";"100 años y más";873;280;593;551;174;377;878;341;537;754;269;485;766;276;490
"Guanajuato";"No especificado";43512;20927;22585;7470;3447;4023;48489;24032;24457;59538;29806;29732;31153;15500;15653
"Guerrero";"Total";2620637;1282220;1338417;2916567;1433417;1483150;3079649;1491287;1588362;3115202;1499453;1615749;3388768;1645561;1743207
"Guerrero";"0 a 4 años";361479;182613;178866;388050;197290;190760;391873;198055;193818;345731;174968;170763;353009;179246;173763
"Guerrero";"5 a 9 años";386810;195254;191556;399798;202850;196948;411408;208037;203371;377826;190749;187077;378197;191053;187144
"Guerrero";"10 a 14 años";370880;187544;183336;387415;196670;190745;394613;199865;194748;396125;200491;195634;393378;198888;194490
"Guerrero";"15 a 19 años";301872;148144;153728;336443;166520;169923;333331;161191;172140;332940;161667;171273;372191;184645;187546
"Guerrero";"20 a 24 años";218114;101651;116463;265340;126456;138884;265129;122169;142960;252404;114723;137681;290684;137993;152691
"Guerrero";"25 a 29 años";180524;84070;96454;205582;96854;108728;215653;99525;116128;212665;96552;116113;237815;111428;126387
"Guerrero";"30 a 34 años";146484;69230;77254;177944;84143;93801;186082;85746;100336;198099;90739;107360;223482;104473;119009
"Guerrero";"35 a 39 años";137436;64989;72447;165407;78286;87121;176165;81594;94571;181518;83257;98261;211923;99320;112603
"Guerrero";"40 a 44 años";103265;49712;53553;126571;61736;64835;142041;67300;74741;158810;74032;84778;178482;83944;94538
"Guerrero";"45 a 49 años";92617;44171;48446;106096;51070;55026;117329;55640;61689;135306;63531;71775;158413;73976;84437
"Guerrero";"50 a 54 años";74054;35600;38454;86328;41907;44421;96611;46272;50339;112818;53978;58840;137260;64884;72376
"Guerrero";"55 a 59 años";57775;28165;29610;67228;32323;34905;76908;36481;40427;89468;42807;46661;110858;53232;57626
"Guerrero";"60 a 64 años";51474;24876;26598;63816;30678;33138;72841;34344;38497;80235;37731;42504;89041;42136;46905
"Guerrero";"65 a 69 años";33936;16371;17565;42877;20447;22430;54139;25200;28939;66040;30398;35642;72733;33837;38896
"Guerrero";"70 a 74 años";28421;13939;14482;35686;17264;18422;42207;20193;22014;50403;23852;26551;66668;31228;35440
"Guerrero";"75 a 79 años";17170;8423;8747;20694;10275;10419;26950;13153;13797;34974;16891;18083;43749;20709;23040
"Guerrero";"80 a 84 años";14143;6382;7761;14734;6795;7939;17112;7872;9240;21597;9992;11605;26491;12278;14213
"Guerrero";"85 a 89 años";6721;3137;3584;7581;3613;3968;9120;4185;4935;11675;5335;6340;14892;6809;8083
"Guerrero";"90 a 94 años";3731;1693;2038;3822;1675;2147;4558;2034;2524;4612;2040;2572;5898;2667;3231
"Guerrero";"95 a 99 años";1556;683;873;2028;911;1117;2711;1219;1492;2520;1130;1390;2810;1244;1566
"Guerrero";"100 años y más";1094;428;666;894;360;534;1224;538;686;1126;486;640;1186;505;681
"Guerrero";"No especificado";31081;15145;15936;12233;5294;6939;41644;20674;20970;48310;24104;24206;19608;11066;8542
"Hidalgo";"Total";1888366;929138;959228;2112473;1042566;1069907;2235591;1081993;1153598;2345514;1125188;1220326;2665018;1285222;1379796
"Hidalgo";"0 a 4 años";246015;124021;121994;252617;128449;124168;243558;123609;119949;237423;120784;116639;255202;129514;125688
"Hidalgo";"5 a 9 años";269371;135688;133683;265590;134122;131468;277830;140645;137185;243185;123336;119849;271181;137456;133725
"Hidalgo";"10 a 14 años";260049;131741;128308;269753;136420;133333;271378;137272;134106;270650;136955;133695;263026;133304;129722
"Hidalgo";"15 a 19 años";210593;105116;105477;239592;119944;119648;235368;114428;120940;237675;115331;122344;269602;134493;135109
"Hidalgo";"20 a 24 años";160396;75252;85144;201620;96765;104855;195771;88949;106822;196494;88134;108360;226170;106172;119998
"Hidalgo";"25 a 29 años";137762;64262;73500;162352;77241;85111;172960;78718;94242;175226;78011;97215;201034;91783;109251
"Hidalgo";"30 a 34 años";117480;56395;61085;141617;67019;74598;155351;71301;84050;173306;78284;95022;197047;90262;106785
"Hidalgo";"35 a 39 años";106107;51450;54657;132294;63858;68436;143447;66909;76538;159174;73325;85849;191131;88478;102653
"Hidalgo";"40 a 44 años";77683;38622;39061;98208;49155;49053;117852;56602;61250;135441;63506;71935;162857;76199;86658
"Hidalgo";"45 a 49 años";70768;34915;35853;83345;41453;41892;95309;46488;48821;116547;55512;61035;140325;65837;74488
"Hidalgo";"50 a 54 años";54437;26964;27473;65824;32702;33122;77766;38145;39621;93857;45771;48086;120304;57248;63056
"Hidalgo";"55 a 59 años";43533;21769;21764;51647;25527;26120;60808;29879;30929;73161;35672;37489;95265;46282;48983
"Hidalgo";"60 a 64 años";37433;18053;19380;44554;21660;22894;51719;24910;26809;65005;31058;33947;74476;35915;38561
"Hidalgo";"65 a 69 años";28339;13645;14694;33606;16024;17582;40119;19103;21016;46738;22345;24393;57669;27765;29904
"Hidalgo";"70 a 74 años";21014;9901;11113;26160;12722;13438;30440;14494;15946;35516;16901;18615;48068;22456;25612
"Hidalgo";"75 a 79 años";14328;6797;7531;17386;8437;8949;21911;10518;11393;25653;12155;13498;31279;14642;16637
"Hidalgo";"80 a 84 años";9644;4127;5517;10546;4619;5927;12770;5727;7043;16502;7413;9089;19997;8912;11085
"Hidalgo";"85 a 89 años";5340;2254;3086;6056;2564;3492;7406;3139;4267;9117;3974;5143;12043;5139;6904
"Hidalgo";"90 a 94 años";2384;862;1522;2712;1043;1669;3268;1274;1994;3470;1381;2089;4577;1862;2715
"Hidalgo";"95 a 99 años";1153;409;744;1473;557;916;1835;686;1149;1703;628;1075;1952;716;1236
"Hidalgo";"100 años y más";728;252;476;514;148;366;660;227;433;621;204;417;654;235;419
"Hidalgo";"No especificado";13809;6643;7166;5007;2137;2870;18065;8970;9095;29050;14508;14542;21159;10552;10607
"Jalisco";"Total";5302689;2564892;2737797;5991176;2923921;3067255;6322002;3070241;3251761;6752113;3278822;3473291;7350682;3600641;3750041
"Jalisco";"0 a 4 años";671649;340007;331642;701617;356974;344643;703272;357599;345673;674285;342642;331643;694948;353751;341197
"Jalisco";"5 a 9 años";695463;352079;343384;717968;364579;353389;720270;365438;354832;688681;349996;338685;727075;369308;357767
"Jalisco";"10 a 14 años";681667;342191;339476;715201;362767;352434;708813;358780;350033;697206;354242;342964;714393;362097;352296
"Jalisco";"15 a 19 años";643430;311635;331795;676896;333050;343846;673570;331655;341915;669724;330944;338780;715003;360175;354828
"Jalisco";"20 a 24 años";491687;224235;267452;615402;291850;323552;589706;276164;313542;601671;285876;315795;669088;329145;339943
"Jalisco";"25 a 29 años";390128;179028;211100;482529;225997;256532;529194;248483;280711;523866;246599;277267;592033;287723;304310
"Jalisco";"30 a 34 años";337131;156725;180406;413098;193534;219564;453186;211880;241306;509541;240566;268975;548117;263140;284977
"Jalisco";"35 a 39 años";289603;136230;153373;365641;173020;192621;397738;186637;211101;448698;211444;237254;535234;258270;276964
"Jalisco";"40 a 44 años";231557;111269;120288;291118;139687;151431;334653;158651;176002;379829;179031;200798;446601;213669;232932
"Jalisco";"45 a 49 años";190247;92271;97976;237708;115217;122491;264177;125130;139047;318734;149555;169179;371541;175474;196067
"Jalisco";"50 a 54 años";151319;71875;79444;192416;93304;99112;224975;107972;117003;267921;125979;141942;324277;152109;172168
"Jalisco";"55 a 59 años";120026;56950;63076;143341;68852;74489;169779;81869;87910;208005;99191;108814;254380;120383;133997
"Jalisco";"60 a 64 años";105816;49067;56749;125183;58712;66471;140629;66144;74485;172579;81797;90782;210465;99337;111128
"Jalisco";"65 a 69 años";85330;40115;45215;95384;44832;50552;108075;50693;57382;126101;59336;66765;155337;73976;81361
"Jalisco";"70 a 74 años";64662;30562;34100;79247;37374;41873;84182;39184;44998;96044;44817;51227;118204;55172;63032
"Jalisco";"75 a 79 años";47547;22409;25138;53066;25061;28005;63716;30017;33699;69383;32186;37197;80747;37383;43364
"Jalisco";"80 a 84 años";30814;13802;17012;36385;16501;19884;39463;17838;21625;48147;21475;26672;53964;23768;30196
"Jalisco";"85 a 89 años";17241;7564;9677;19954;8852;11102;24151;10772;13379;27217;12006;15211;32720;14255;18465
"Jalisco";"90 a 94 años";7097;2979;4118;8299;3529;4770;9701;4103;5598;11502;4926;6576;13596;5628;7968
"Jalisco";"95 a 99 años";2805;1181;1624;3510;1477;2033;4405;1819;2586;4526;1778;2748;5206;2133;3073
"Jalisco";"100 años y más";1158;462;696;820;288;532;1097;427;670;1027;409;618;1084;415;669
"Jalisco";"No especificado";46312;22256;24056;16393;8464;7929;77250;38986;38264;207426;104027;103399;86669;43330;43339
"México";"Total";9815795;4834549;4981246;11707964;5776054;5931910;13096686;6407213;6689473;14007495;6832822;7174673;15175862;7396986;7778876
"México";"0 a 4 años";1229996;622293;607703;1364484;692929;671555;1366320;693821;672499;1373064;697889;675175;1426612;723127;703485
"México";"5 a 9 años";1284167;647646;636521;1382651;701280;681371;1447047;731860;715187;1362065;691997;670068;1498274;760231;738043
"México";"10 a 14 años";1248189;626149;622040;1344420;678340;666080;1363554;689319;674235;1410691;713138;697553;1429028;723622;705406
"México";"15 a 19 años";1198496;592244;606252;1305765;648259;657506;1307977;645046;662931;1334112;663064;671048;1467148;734320;732828
"México";"20 a 24 años";1010653;488297;522356;1295228;629684;665544;1250900;600382;650518;1250151;601037;649114;1364380;668827;695553
"México";"25 a 29 años";834509;399918;434591;1058142;511944;546198;1154041;548872;605169;1152407;546014;606393;1233854;591831;642023
"México";"30 a 34 años";709181;341203;367978;913299;439328;473971;1008308;480221;528087;1147320;541872;605448;1198515;565928;632587
"México";"35 a 39 años";584990;287047;297943;793800;384902;408898;883172;420989;462183;1016457;483846;532611;1193988;566526;627462
"México";"40 a 44 años";429384;213167;216217;586683;290564;296119;706988;341811;365177;839324;402414;436910;1003492;478370;525122
"México";"45 a 49 años";348862;173369;175493;457065;225645;231420;535083;259150;275933;682173;325717;356456;831164;395154;436010
"México";"50 a 54 años";264020;129860;134160;349220;172646;176574;422987;206575;216412;539308;259710;279598;695328;329825;365503
"México";"55 a 59 años";200166;97577;102589;251155;122363;128792;303755;147106;156649;388919;187632;201287;509884;244538;265346
"México";"60 a 64 años";156005;73584;82421;204472;96996;107476;242540;114932;127608;305945;145437;160508;392349;185672;206677
"México";"65 a 69 años";112907;52962;59945;145024;67125;77899;178159;82133;96026;215924;100467;115457;270138;126755;143383
"México";"70 a 74 años";69215;31524;37691;101342;47057;54285;123108;56031;67077;156324;71808;84516;200542;91438;109104
"México";"75 a 79 años";49615;21815;27800;59674;27032;32642;84377;38231;46146;102977;46177;56800;129423;58326;71097
"México";"80 a 84 años";31272;12980;18292;34930;14403;20527;41618;17412;24206;61530;26388;35142;78893;33293;45600
"México";"85 a 89 años";19588;7689;11899;21492;8568;12924;25874;10056;15818;31282;12505;18777;44498;17985;26513
"México";"90 a 94 años";7312;2595;4717;8673;3229;5444;10206;3640;6566;11029;3929;7100;14612;5459;9153
"México";"95 a 99 años";3497;1249;2248;4715;1668;3047;6030;2107;3923;5264;1772;3492;5814;1925;3889
"México";"100 años y más";1510;456;1054;1000;259;741;1792;656;1136;1334;376;958;1378;424;954
"México";"No especificado";22261;10925;11336;24730;11833;12897;632850;316863;315987;619895;309633;310262;186548;93410;93138
"Michoacán de Ocampo";"Total";3548199;1718763;1829436;3870604;1884105;1986499;3985667;1911078;2074589;3966073;1892377;2073696;4351037;2102109;2248928
"Michoacán de Ocampo";"0 a 4 años";468480;236418;232062;467147;236928;230219;453339;229097;224242;400054;202915;197139;425698;215617;210081
"Michoacán de Ocampo";"5 a 9 años";491674;248142;243532;499020;252636;246384;492453;248571;243882;426654;215699;210955;434860;220017;214843
"Michoacán de Ocampo";"10 a 14 años";496659;249951;246708;501490;253564;247926;498316;251262;247054;462479;233342;229137;443721;223553;220168
"Michoacán de Ocampo";"15 a 19 años";431353;206567;224786;457894;222492;235402;436043;207543;228500;423624;202977;220647;453827;224452;229375
"Michoacán de Ocampo";"20 a 24 años";311727;139326;172401;370671;171442;199229;357857;159888;197969;332440;147596;184844;392338;185190;207148
"Michoacán de Ocampo";"25 a 29 años";240995;110101;130894;281231;128989;152242;294099;132374;161725;284690;126561;158129;322064;150160;171904
"Michoacán de Ocampo";"30 a 34 años";203845;95021;108824;244357;114243;130114;255792;115836;139956;273154;124017;149137;303108;141058;162050
"Michoacán de Ocampo";"35 a 39 años";176749;84247;92502;221033;104658;116375;233456;107652;125804;247470;112596;134874;290448;136834;153614
"Michoacán de Ocampo";"40 a 44 años";139854;67100;72754;173986;84892;89094;196428;92879;103549;216455;100356;116099;247704;115521;132183
"Michoacán de Ocampo";"45 a 49 años";118842;56801;62041;141762;68441;73321;154267;73326;80941;182586;85391;97195;212627;99106;113521
"Michoacán de Ocampo";"50 a 54 años";101422;48461;52961;118272;56873;61399;132493;63146;69347;153673;72818;80855;188305;88214;100091
"Michoacán de Ocampo";"55 a 59 años";81634;39451;42183;91798;43955;47843;102326;48464;53862;120402;57263;63139;147873;71049;76824
"Michoacán de Ocampo";"60 a 64 años";75014;35904;39110;88981;42632;46349;94498;44526;49972;104898;49077;55821;122951;58031;64920
"Michoacán de Ocampo";"65 a 69 años";53580;25886;27694;65207;30972;34235;75177;35293;39884;84325;39858;44467;96347;45789;50558
"Michoacán de Ocampo";"70 a 74 años";42296;20996;21300;54355;26750;27605;61639;29772;31867;69195;32843;36352;83990;39343;44647
"Michoacán de Ocampo";"75 a 79 años";28987;14307;14680;32765;16287;16478;42177;20718;21459;50678;24637;26041;58813;28096;30717
"Michoacán de Ocampo";"80 a 84 años";22110;10286;11824;23993;11300;12693;25242;11868;13374;33279;15582;17697;40032;18583;21449
"Michoacán de Ocampo";"85 a 89 años";11618;5474;6144;13194;6283;6911;15131;7120;8011;17681;8382;9299;23160;10696;12464
"Michoacán de Ocampo";"90 a 94 años";5454;2435;3019;5932;2663;3269;6983;3189;3794;7330;3314;4016;8949;4017;4932
"Michoacán de Ocampo";"95 a 99 años";2240;952;1288;2925;1289;1636;3764;1592;2172;3683;1616;2067;3839;1652;2187
"Michoacán de Ocampo";"100 años y más";1287;490;797;931;367;564;1216;537;679;1046;427;619;1046;451;595
"Michoacán de Ocampo";"No especificado";42379;20447;21932;13660;6449;7211;52971;26425;26546;70277;35110;35167;49337;24680;24657
"Morelos";"Total";1195059;583785;611274;1442662;706081;736581;1555296;750799;804497;1612899;775311;837588;1777227;858588;918639
"Morelos";"0 a 4 años";143093;73026;70067;167226;85141;82085;160901;81500;79401;150281;76612;73669;155669;79434;76235
"Morelos";"5 a 9 años";151548;76657;74891;166248;84621;81627;173589;87866;85723;157253;79931;77322;166908;85100;81808
"Morelos";"10 a 14 años";153841;77268;76573;166885;84508;82377;166002;84615;81387;168541;85250;83291;167487;84822;82665
"Morelos";"15 a 19 años";145197;70866;74331;161301;79242;82059;156544;76095;80449;155301;76688;78613;175625;87725;87900
"Morelos";"20 a 24 años";112583;52506;60077;147558;69809;77749;137988;63439;74549;134191;62002;72189;155671;75194;80477
"Morelos";"25 a 29 años";92584;43917;48667;117551;55332;62219;123189;56284;66905;119236;54001;65235;133544;62528;71016
"Morelos";"30 a 34 años";80162;37720;42442;103465;48938;54527;109174;50137;59037;118659;54302;64357;128812;59712;69100
"Morelos";"35 a 39 años";69744;33847;35897;95595;45429;50166;100957;46951;54006;108333;49588;58745;129072;59870;69202
"Morelos";"40 a 44 años";51951;25363;26588;72003;35431;36572;84779;40113;44666;94307;44081;50226;111381;51504;59877
"Morelos";"45 a 49 años";44861;21488;23373;58154;28428;29726;66776;32002;34774;81012;37708;43304;97105;45411;51694
"Morelos";"50 a 54 años";36413;17358;19055;46219;22458;23761;53966;26075;27891;67341;32058;35283;86282;40293;45989
"Morelos";"55 a 59 años";31036;14823;16213;36749;17581;19168;41813;19884;21929;51112;24477;26635;66904;31856;35048
"Morelos";"60 a 64 años";25391;12214;13177;33014;15730;17284;36295;16989;19306;43128;20379;22749;53604;25556;28048
"Morelos";"65 a 69 años";19143;9250;9893;25504;11976;13528;30268;14059;16209;33653;15527;18126;40104;18850;21254
"Morelos";"70 a 74 años";11909;5750;6159;18175;8942;9233;22033;10422;11611;26836;12445;14391;32988;15169;17819
"Morelos";"75 a 79 años";8825;4105;4720;10844;5315;5529;15196;7330;7866;19198;9080;10118;23535;10876;12659
"Morelos";"80 a 84 años";6335;2812;3523;6555;2937;3618;7620;3490;4130;11620;5406;6214;14917;6621;8296
"Morelos";"85 a 89 años";3888;1800;2088;4469;1979;2490;4953;2138;2815;5851;2574;3277;8567;3862;4705
"Morelos";"90 a 94 años";1671;734;937;1918;851;1067;2081;912;1169;2162;909;1253;2702;1147;1555
"Morelos";"95 a 99 años";680;291;389;1076;477;599;1260;541;719;1104;452;652;1134;464;670
"Morelos";"100 años y más";303;117;186;251;79;172;409;154;255;390;157;233;327;136;191
"Morelos";"No especificado";3901;1873;2028;1902;877;1025;59503;29803;29700;63390;31684;31706;24889;12458;12431
"Nayarit";"Total";824643;411057;413586;896702;448629;448073;920185;456105;464080;949684;469204;480480;1084979;541007;543972
"Nayarit";"0 a 4 años";103227;52490;50737;103803;52853;50950;100288;51107;49181;92384;46895;45489;106044;54138;51906
"Nayarit";"5 a 9 años";109363;55506;53857;110505;56418;54087;107577;54727;52850;96834;49627;47207;104943;53253;51690
"Nayarit";"10 a 14 años";112910;57093;55817;110790;56474;54316;107654;54737;52917;103122;52426;50696;104308;53367;50941
"Nayarit";"15 a 19 años";99779;49847;49932;102913;51622;51291;97866;49021;48845;97519;48922;48597;107191;54204;52987
"Nayarit";"20 a 24 años";70005;33394;36611;86384;42502;43882;81566;38786;42780;79031;37566;41465;96693;48059;48634
"Nayarit";"25 a 29 años";56622;27020;29602;66502;32220;34282;72014;34447;37567;69847;33028;36819;82067;40065;42002
"Nayarit";"30 a 34 años";49504;23882;25622;58527;28236;30291;62272;29734;32538;69251;33146;36105;79520;38922;40598
"Nayarit";"35 a 39 años";44384;21711;22673;53925;25900;28025;57414;27608;29806;62553;30053;32500;78128;38953;39175
"Nayarit";"40 a 44 años";34689;17253;17436;43229;21563;21666;49594;24008;25586;54176;26110;28066;64675;31810;32865
"Nayarit";"45 a 49 años";30609;15426;15183;35862;18025;17837;40204;19711;20493;47294;22809;24485;55916;27147;28769
"Nayarit";"50 a 54 años";25661;13038;12623;29721;15068;14653;33520;16820;16700;39727;19578;20149;48769;23609;25160
"Nayarit";"55 a 59 años";20264;10438;9826;24833;12653;12180;27584;13924;13660;31623;15747;15876;39899;19693;20206
"Nayarit";"60 a 64 años";17158;8686;8472;20521;10438;10083;23746;11964;11782;27893;13971;13922;32069;15866;16203
"Nayarit";"65 a 69 años";13413;6789;6624;16025;8081;7944;18487;9317;9170;21551;10898;10653;25368;12694;12674
"Nayarit";"70 a 74 años";10358;5268;5090;12263;6325;5938;13556;6913;6643;15830;8126;7704;21066;10519;10547
"Nayarit";"75 a 79 años";7592;3808;3784;8483;4274;4209;9933;4981;4952;11271;5622;5649;13928;7002;6926
"Nayarit";"80 a 84 años";4885;2400;2485;5638;2708;2930;6070;2902;3168;7228;3538;3690;8690;4150;4540
"Nayarit";"85 a 89 años";2657;1299;1358;3085;1483;1602;3838;1826;2012;4184;1991;2193;5111;2390;2721
"Nayarit";"90 a 94 años";1121;518;603;1252;601;651;1450;682;768;1694;790;904;2113;944;1169
"Nayarit";"95 a 99 años";465;227;238;633;309;324;680;316;364;788;378;410;799;368;431
"Nayarit";"100 años y más";252;112;140;156;71;85;238;110;128;222;109;113;247;134;113
"Nayarit";"No especificado";9725;4852;4873;1652;805;847;4634;2464;2170;15662;7874;7788;7435;3720;3715
"Nuevo León";"Total";3098736;1542664;1556072;3550114;1773793;1776321;3834141;1907939;1926202;4199292;2090673;2108619;4653458;2320185;2333273
"Nuevo León";"0 a 4 años";331519;168597;162922;372590;190224;182366;396563;201948;194615;396832;202457;194375;413360;210075;203285
"Nuevo León";"5 a 9 años";350558;178254;172304;360813;183897;176916;385771;196456;189315;403641;205432;198209;430525;219102;211423
"Nuevo León";"10 a 14 años";369459;186328;183131;360951;183492;177459;355194;180250;174944;381498;193885;187613;415368;211365;204003
"Nuevo León";"15 a 19 años";388480;195037;193443;390485;195644;194841;373807;187079;186728;372986;187600;185386;406428;205518;200910
"Nuevo León";"20 a 24 años";337524;168514;169010;412575;207929;204646;391235;195585;195650;381072;191558;189514;401723;202766;198957
"Nuevo León";"25 a 29 años";267335;131768;135567;336502;166536;169966;369135;183270;185865;364392;181145;183247;384086;192963;191123
"Nuevo León";"30 a 34 años";226879;110900;115979;283907;140426;143481;322572;158942;163630;368549;183158;185391;383736;191204;192532
"Nuevo León";"35 a 39 años";180402;88772;91630;243192;120187;123005;272200;134659;137541;322812;159879;162933;383357;191768;191589
"Nuevo León";"40 a 44 años";145262;71411;73851;183087;90621;92466;224330;110097;114233;265277;131231;134046;321008;159078;161930
"Nuevo León";"45 a 49 años";121838;60748;61090;151856;75209;76647;168680;82616;86064;218683;106900;111783;260606;128429;132177
"Nuevo León";"50 a 54 años";100263;49598;50665;122905;60893;62012;144499;70886;73613;172436;83952;88484;220801;107080;113721
"Nuevo León";"55 a 59 años";75104;36957;38147;96263;47706;48557;109729;53878;55851;134046;65124;68922;162140;78944;83196
"Nuevo León";"60 a 64 años";62398;29546;32852;77359;37553;39806;92626;44938;47688;108646;52394;56252;132607;63516;69091
"Nuevo León";"65 a 69 años";46095;22190;23905;57318;27042;30276;65875;31411;34464;83083;39917;43166;96803;46293;50510
"Nuevo León";"70 a 74 años";29882;13885;15997;41030;19660;21370;48611;22607;26004;59373;27965;31408;75631;35695;39936
"Nuevo León";"75 a 79 años";23068;10578;12490;25120;11677;13443;33324;15550;17774;40397;18477;21920;48049;22136;25913
"Nuevo León";"80 a 84 años";14384;6381;8003;16178;7040;9138;17528;7667;9861;24628;10827;13801;30455;13075;17380
"Nuevo León";"85 a 89 años";7963;3447;4516;9406;4059;5347;10634;4424;6210;11929;5007;6922;16005;6629;9376
"Nuevo León";"90 a 94 años";2486;1061;1425;3497;1475;2022;4154;1677;2477;4738;1787;2951;5394;2066;3328
"Nuevo León";"95 a 99 años";910;382;528;1256;538;718;1741;664;1077;1817;709;1108;1874;695;1179
"Nuevo León";"100 años y más";334;108;226;267;96;171;380;164;216;376;143;233;460;172;288
"Nuevo León";"No especificado";16593;8202;8391;3557;1889;1668;45553;23171;22382;82081;41126;40955;63042;31616;31426
"Oaxaca";"Total";3019560;1477438;1542122;3228895;1582410;1646485;3438765;1657406;1781359;3506821;1674855;1831966;3801962;1819008;1982954
"Oaxaca";"0 a 4 años";410741;207210;203531;402105;203558;198547;395993;200413;195580;357272;180883;176389;373371;189157;184214
"Oaxaca";"5 a 9 años";452387;228078;224309;436486;220830;215656;458507;230819;227688;394779;199744;195035;399632;201833;197799
"Oaxaca";"10 a 14 años";422710;214416;208294;434282;220899;213383;443874;224737;219137;443980;223625;220355;414392;209447;204945
"Oaxaca";"15 a 19 años";324057;159459;164598;358526;178098;180428;364876;177322;187554;366868;178035;188833;406873;200381;206492
"Oaxaca";"20 a 24 años";245537;115625;129912;281574;133575;147999;288035;130967;157068;281999;127254;154745;313523;145055;168468
"Oaxaca";"25 a 29 años";205136;95962;109174;223026;104693;118333;239657;109330;130327;243386;108120;135266;268969;122545;146424
"Oaxaca";"30 a 34 años";174609;82811;91798;198336;94093;104243;213839;98179;115660;230648;104049;126599;259112;117774;141338
"Oaxaca";"35 a 39 años";158367;74828;83539;183926;86730;97196;199131;92160;106971;210256;95780;114476;244019;112008;132011
"Oaxaca";"40 a 44 años";122750;58580;64170;143539;69431;74108;167187;78342;88845;185440;86072;99368;208666;96524;112142
"Oaxaca";"45 a 49 años";114456;54594;59862;123361;58894;64467;139877;65800;74077;161350;74758;86592;187021;86487;100534
"Oaxaca";"50 a 54 años";93382;44627;48755;103778;49639;54139;116999;55337;61662;136431;64181;72250;163536;75664;87872
"Oaxaca";"55 a 59 años";77251;37064;40187;83816;39984;43832;96806;45487;51319;107316;50555;56761;134078;63189;70889
"Oaxaca";"60 a 64 años";68702;33329;35373;78424;37683;40741;89096;42185;46911;102856;47633;55223;110092;51536;58556
"Oaxaca";"65 a 69 años";48631;23567;25064;55762;26632;29130;68801;32165;36636;77317;35777;41540;90363;41593;48770
"Oaxaca";"70 a 74 años";35881;17231;18650;43471;21251;22220;52015;25100;26915;61759;29226;32533;80884;37246;43638
"Oaxaca";"75 a 79 años";24056;11640;12416;28012;13617;14395;36889;17946;18943;44826;21403;23423;55599;26055;29544
"Oaxaca";"80 a 84 años";17595;7929;9666;18426;8419;10007;22243;10161;12082;29144;13547;15597;35768;16415;19353
"Oaxaca";"85 a 89 años";9700;4452;5248;9835;4628;5207;12144;5476;6668;15726;7149;8577;21170;9631;11539
"Oaxaca";"90 a 94 años";4323;1849;2474;4457;1928;2529;5243;2301;2942;5751;2498;3253;7840;3481;4359
"Oaxaca";"95 a 99 años";1879;732;1147;2299;976;1323;2871;1176;1695;2870;1217;1653;3406;1401;2005
"Oaxaca";"100 años y más";1070;433;637;731;291;440;1013;421;592;992;365;627;1047;407;640
"Oaxaca";"No especificado";6340;3022;3318;14723;6561;8162;23669;11582;12087;45855;22984;22871;22601;11179;11422
"Puebla";"Total";4126101;2008531;2117570;4624365;2253476;2370889;5076686;2448801;2627885;5383133;2578664;2804469;5779829;2769855;3009974
"Puebla";"0 a 4 años";549465;277188;272277;574929;290579;284350;578641;293332;285309;579804;293977;285827;574513;291584;282929
"Puebla";"5 a 9 años";587427;295554;291873;594003;300772;293231;623917;314710;309207;586108;297066;289042;620386;314122;306264
"Puebla";"10 a 14 años";566985;284925;282060;591644;299025;292619;600452;303571;296881;624075;314797;309278;604845;305657;299188
"Puebla";"15 a 19 años";471300;231159;240141;526378;259523;266855;532196;258724;273472;548971;268014;280957;604094;299098;304996
"Puebla";"20 a 24 años";369823;174448;195375;447281;212862;234419;460965;214250;246715;474429;217540;256889;511685;241187;270498
"Puebla";"25 a 29 años";295479;138847;156632;351785;165411;186374;384326;178237;206089;411939;187990;223949;441558;203626;237932
"Puebla";"30 a 34 años";250317;118110;132207;299213;140849;158364;332646;153434;179212;384349;176534;207815;420492;192949;227543
"Puebla";"35 a 39 años";220557;104236;116321;275167;129853;145314;297693;138467;159226;340799;156674;184125;394961;182690;212271
"Puebla";"40 a 44 años";166092;79353;86739;207950;100039;107911;243578;114420;129158;283374;132012;151362;328556;151228;177328
"Puebla";"45 a 49 años";148058;70806;77252;175518;83337;92181;197500;92631;104869;242420;112766;129654;279425;129308;150117
"Puebla";"50 a 54 años";118670;56107;62563;139750;66956;72794;162662;76667;85995;197862;92385;105477;240020;110377;129643
"Puebla";"55 a 59 años";99683;47017;52666;113605;53333;60272;127639;59810;67829;154041;71906;82135;188919;88207;100712
"Puebla";"60 a 64 años";85006;40083;44923;100868;47280;53588;111996;51913;60083;133552;61586;71966;150565;69041;81524
"Puebla";"65 a 69 años";63979;30069;33910;76919;35373;41546;89492;40477;49015;100862;46020;54842;115990;53384;62606
"Puebla";"70 a 74 años";45259;21277;23982;57670;27227;30443;67351;31233;36118;78396;35821;42575;96685;43408;53277
"Puebla";"75 a 79 años";31992;14971;17021;38212;18186;20026;48685;22735;25950;58514;26859;31655;67019;30238;36781
"Puebla";"80 a 84 años";22198;9781;12417;22993;9964;13029;27369;12137;15232;36177;16005;20172;43367;18969;24398
"Puebla";"85 a 89 años";13525;5853;7672;14447;6285;8162;16421;6957;9464;20730;8886;11844;26380;11168;15212
"Puebla";"90 a 94 años";5691;2258;3433;6218;2547;3671;7044;2835;4209;7209;2908;4301;9528;3906;5622
"Puebla";"95 a 99 años";2545;950;1595;3474;1354;2120;4142;1559;2583;3919;1408;2511;3845;1413;2432
"Puebla";"100 años y más";1338;436;902;1010;311;699;1288;421;867;1187;373;814;1057;329;728
"Puebla";"No especificado";10712;5103;5609;5331;2410;2921;160683;80281;80402;114416;57137;57279;55939;27966;27973
"Querétaro";"Total";1051235;516168;535067;1250476;615484;634992;1404306;680966;723340;1598139;772759;825380;1827937;887188;940749
"Querétaro";"0 a 4 años";146179;73769;72410;159062;80413;78649;163581;83110;80471;162841;82781;80060;178916;90972;87944
"Querétaro";"5 a 9 años";149342;75103;74239;159715;80724;78991;174551;87912;86639;168900;85804;83096;183541;93230;90311
"Querétaro";"10 a 14 años";140664;70380;70284;155971;78843;77128;164074;82482;81592;178589;89895;88694;182608;92453;90155
"Querétaro";"15 a 19 años";125235;61191;64044;145338;71349;73989;152906;73825;79081;162541;79047;83494;187241;92904;94337
"Querétaro";"20 a 24 años";100487;47269;53218;130819;62591;68228;136899;63403;73496;146713;68013;78700;168520;80717;87803
"Querétaro";"25 a 29 años";81606;38944;42662;103287;49042;54245;119099;55547;63552;130500;60021;70479;153300;72317;80983
"Querétaro";"30 a 34 años";67780;32945;34835;89066;42868;46198;103722;48193;55529;126438;59116;67322;145169;68081;77088
"Querétaro";"35 a 39 años";55252;27222;28030;77155;37633;39522;90271;43023;47248;109689;51435;58254;138438;65728;72710
"Querétaro";"40 a 44 años";40378;19975;20403;56445;28124;28321;72087;34784;37303;91576;43747;47829;114275;53763;60512
"Querétaro";"45 a 49 años";33968;16788;17180;43552;21587;21965;53778;26143;27635;73238;35138;38100;93449;44472;48977
"Querétaro";"50 a 54 años";25959;12636;13323;33922;16851;17071;41725;20337;21388;57129;27531;29598;76870;36628;40242
"Querétaro";"55 a 59 años";21099;10276;10823;25227;12280;12947;31402;15160;16242;40621;19600;21021;56288;26912;29376
"Querétaro";"60 a 64 años";17638;8451;9187;21951;10393;11558;25807;12175;13632;33692;15806;17886;42991;20110;22881
"Querétaro";"65 a 69 años";13200;6350;6850;15847;7473;8374;19724;9247;10477;24520;11554;12966;31562;14757;16805
"Querétaro";"70 a 74 años";8951;4190;4761;12377;5987;6390;15069;7071;7998;18292;8548;9744;24701;11421;13280
"Querétaro";"75 a 79 años";6927;3161;3766;7532;3497;4035;10678;5062;5616;13166;6057;7109;16494;7562;8932
"Querétaro";"80 a 84 años";4961;2151;2810;5166;2238;2928;5795;2522;3273;8367;3739;4628;10760;4641;6119
"Querétaro";"85 a 89 años";2880;1297;1583;3162;1399;1763;3719;1523;2196;4475;1851;2624;6400;2751;3649
"Querétaro";"90 a 94 años";1199;492;707;1288;562;726;1683;660;1023;1700;641;1059;2344;914;1430
"Querétaro";"95 a 99 años";486;186;300;639;255;384;868;351;517;840;315;525;922;303;619
"Querétaro";"100 años y más";187;62;125;140;46;94;231;93;138;184;65;119;207;70;137
"Querétaro";"No especificado";6857;3330;3527;2815;1329;1486;16637;8343;8294;44128;22055;22073;12941;6482;6459
"Quintana Roo";"Total";493277;254908;238369;703536;361459;342077;874963;448308;426655;1135309;574837;560472;1325578;673220;652358
"Quintana Roo";"0 a 4 años";71097;35966;35131;96834;49230;47604;105575;54075;51500;107380;54437;52943;133228;67703;65525
"Quintana Roo";"5 a 9 años";66069;33610;32459;87369;44445;42924;105081;53180;51901;106802;54551;52251;126996;64151;62845
"Quintana Roo";"10 a 14 años";58780;29888;28892;77546;39550;37996;90648;46119;44529;106745;54091;52654;121308;61790;59518
"Quintana Roo";"15 a 19 años";55940;28691;27249;75509;38095;37414;88870;45249;43621;102042;51828;50214;128650;65411;63239
"Quintana Roo";"20 a 24 años";54226;27810;26416;81267;41218;40049;94752;47989;46763;103377;52041;51336;135549;68519;67030
"Quintana Roo";"25 a 29 años";46170;23617;22553;72421;37052;35369;90750;45804;44946;97203;48401;48802;130616;65694;64922
"Quintana Roo";"30 a 34 años";35950;18643;17307;58722;30204;28518;77734;39932;37802;93113;46621;46492;120654;60588;60066
"Quintana Roo";"35 a 39 años";28267;14845;13422;45621;23653;21968;61416;31674;29742;78570;39966;38604;111169;56596;54573
"Quintana Roo";"40 a 44 años";19006;10413;8593;31617;16799;14818;43641;22769;20872;59687;30565;29122;86941;44886;42055
"Quintana Roo";"45 a 49 años";14626;8007;6619;23400;12479;10921;31473;16553;14920;43595;22306;21289;64630;33236;31394
"Quintana Roo";"50 a 54 años";10415;5665;4750;16174;8719;7455;23169;12359;10810;32692;16898;15794;48629;24865;23764
"Quintana Roo";"55 a 59 años";7518;4017;3501;11398;6034;5364;15498;8164;7334;23000;11898;11102;34052;17591;16461
"Quintana Roo";"60 a 64 años";5735;3220;2515;8972;4747;4225;11995;6274;5721;16414;8388;8026;24478;12373;12105
"Quintana Roo";"65 a 69 años";3980;2228;1752;5655;3053;2602;7861;4015;3846;10845;5559;5286;15430;7924;7506
"Quintana Roo";"70 a 74 años";2724;1567;1157;4227;2391;1836;5226;2819;2407;7226;3713;3513;10761;5469;5292
"Quintana Roo";"75 a 79 años";1607;888;719;2473;1403;1070;3641;2027;1614;4657;2454;2203;6453;3276;3177
"Quintana Roo";"80 a 84 años";978;569;409;1392;791;601;1984;1076;908;2770;1457;1313;3639;1831;1808
"Quintana Roo";"85 a 89 años";477;254;223;710;408;302;1006;537;469;1499;754;745;2070;1048;1022
"Quintana Roo";"90 a 94 años";233;134;99;303;158;145;361;188;173;477;248;229;761;387;374
"Quintana Roo";"95 a 99 años";111;50;61;142;70;72;227;136;91;205;112;93;297;152;145
"Quintana Roo";"100 años y más";56;30;26;63;37;26;109;63;46;70;46;24;76;43;33
"Quintana Roo";"No especificado";9312;4796;4516;1721;923;798;13946;7306;6640;136940;68503;68437;19191;9687;9504
"San Luis Potosí";"Total";2003187;987315;1015872;2200763;1087500;1113263;2299360;1120837;1178523;2410414;1167308;1243106;2585518;1260366;1325152
"San Luis Potosí";"0 a 4 años";270709;137343;133366;279967;141909;138058;268764;135872;132892;253580;128094;125486;247057;125473;121584
"San Luis Potosí";"5 a 9 años";278401;140173;138228;278902;141801;137101;290504;147015;143489;266312;135091;131221;268914;136027;132887
"San Luis Potosí";"10 a 14 años";271005;136540;134465;277578;140700;136878;277667;140526;137141;285397;144282;141115;270154;136835;133319
"San Luis Potosí";"15 a 19 años";231951;115288;116663;246271;122685;123586;241303;117718;123585;247158;121587;125571;269673;135204;134469
"San Luis Potosí";"20 a 24 años";176897;83499;93398;206873;99110;107763;198991;92557;106434;198562;91177;107385;219720;105606;114114
"San Luis Potosí";"25 a 29 años";142709;67273;75436;164964;77995;86969;173542;80316;93226;173849;79474;94375;189105;88319;100786
"San Luis Potosí";"30 a 34 años";119334;56953;62381;143446;68229;75217;155396;72232;83164;171383;79159;92224;180250;84440;95810
"San Luis Potosí";"35 a 39 años";102364;49465;52899;127109;61324;65785;139428;65768;73660;155867;72725;83142;175642;82850;92792
"San Luis Potosí";"40 a 44 años";80896;39374;41522;98704;48276;50428;115022;55132;59890;134538;63383;71155;152372;71817;80555
"San Luis Potosí";"45 a 49 años";72233;35211;37022;83724;41175;42549;91334;44117;47217;113281;53881;59400;131221;61913;69308
"San Luis Potosí";"50 a 54 años";61690;30305;31385;69022;33914;35108;78078;37879;40199;92388;44537;47851;112519;53592;58927
"San Luis Potosí";"55 a 59 años";49815;24679;25136;57161;28230;28931;62406;30541;31865;73276;35625;37651;87476;42563;44913
"San Luis Potosí";"60 a 64 años";43493;21396;22097;51004;25035;25969;57657;27835;29822;65308;31164;34144;72960;34958;38002
"San Luis Potosí";"65 a 69 años";31872;15960;15912;38714;19067;19647;44101;21643;22458;51272;24723;26549;56671;27526;29145
"San Luis Potosí";"70 a 74 años";20470;10187;10283;29252;14890;14362;34381;17027;17354;40409;19645;20764;50213;24200;26013
"San Luis Potosí";"75 a 79 años";16253;8027;8226;16847;8488;8359;24001;12027;11974;29792;14795;14997;34695;16937;17758
"San Luis Potosí";"80 a 84 años";12274;5827;6447;12110;5735;6375;12141;5860;6281;19149;9277;9872;23325;11118;12207
"San Luis Potosí";"85 a 89 años";7510;3587;3923;7959;3768;4191;8117;3726;4391;9094;4254;4840;13437;6316;7121
"San Luis Potosí";"90 a 94 años";2773;1259;1514;3550;1639;1911;3908;1718;2190;3817;1670;2147;4303;1915;2388
"San Luis Potosí";"95 a 99 años";1136;475;661;1557;689;868;1982;855;1127;1978;831;1147;1824;787;1037
"San Luis Potosí";"100 años y más";529;174;355;403;131;272;580;227;353;515;187;328;548;205;343
"San Luis Potosí";"No especificado";8873;4320;4553;5646;2710;2936;20057;10246;9811;23489;11747;11742;23439;11765;11674
"Sinaloa";"Total";2204054;1101621;1102433;2425675;1216415;1209260;2536844;1264143;1272701;2608442;1294617;1313825;2767761;1376201;1391560
"Sinaloa";"0 a 4 años";268247;136016;132231;281823;143911;137912;280226;142796;137430;244907;124872;120035;252443;128664;123779
"Sinaloa";"5 a 9 años";281174;142135;139039;283285;143939;139346;293365;148806;144559;262539;133821;128718;264538;134710;129828
"Sinaloa";"10 a 14 años";297270;150517;146753;282968;143623;139345;282780;144221;138559;275179;139909;135270;270555;137580;132975
"Sinaloa";"15 a 19 años";280493;140816;139677;283114;142881;140233;267418;134696;132722;256624;129543;127081;275540;139206;136334
"Sinaloa";"20 a 24 años";208619;101847;106772;254765;127511;127254;240944;118951;121993;220179;108293;111886;242907;121634;121273
"Sinaloa";"25 a 29 años";164727;79037;85690;195551;95466;100085;211879;102847;109032;196928;95435;101493;207840;102082;105758
"Sinaloa";"30 a 34 años";143223;68835;74388;169208;81771;87437;182741;88252;94489;197089;95801;101288;207002;101645;105357
"Sinaloa";"35 a 39 años";122698;60397;62301;153271;74295;78976;165228;79430;85798;177043;85905;91138;207622;102184;105438
"Sinaloa";"40 a 44 años";96614;48726;47888;120409;60004;60405;140257;68165;72092;154173;74352;79821;176453;86505;89948
"Sinaloa";"45 a 49 años";81853;42140;39713;97272;48985;48287;108884;53727;55157;130129;62475;67654;149915;72394;77521
"Sinaloa";"50 a 54 años";65843;33749;32094;79839;41054;38785;91022;45766;45256;107972;52869;55103;131472;63091;68381
"Sinaloa";"55 a 59 años";50913;26374;24539;62917;32389;30528;72198;36751;35447;84875;42299;42576;103936;51030;52906
"Sinaloa";"60 a 64 años";41621;21257;20364;50727;25879;24848;60539;30717;29822;71711;36009;35702;83594;41082;42512
"Sinaloa";"65 a 69 años";31281;15954;15327;37861;19148;18713;43760;21897;21863;53783;26831;26952;64032;31842;32190
"Sinaloa";"70 a 74 años";23040;11463;11577;28195;14339;13856;32080;16165;15915;38183;19176;19007;51023;25289;25734
"Sinaloa";"75 a 79 años";15816;7961;7855;18345;9100;9245;22153;10939;11214;26535;13077;13458;31659;15461;16198
"Sinaloa";"80 a 84 años";9823;4547;5276;11668;5445;6223;13422;6292;7130;16422;7701;8721;19463;9028;10435
"Sinaloa";"85 a 89 años";5042;2268;2774;6781;3057;3724;7860;3526;4334;9116;4071;5045;10809;4777;6032
"Sinaloa";"90 a 94 años";2127;941;1186;2358;1037;1321;2930;1261;1669;3405;1468;1937;4102;1720;2382
"Sinaloa";"95 a 99 años";868;386;482;1151;513;638;1379;609;770;1432;592;840;1625;665;960
"Sinaloa";"100 años y más";470;182;288;335;137;198;459;190;269;411;163;248;418;176;242
"Sinaloa";"No especificado";12292;6073;6219;3832;1931;1901;15320;8139;7181;79807;39955;39852;10813;5436;5377
"Sonora";"Total";1823606;915088;908518;2085536;1048933;1036603;2216969;1110590;1106379;2394861;1198154;1196707;2662480;1339612;1322868
"Sonora";"0 a 4 años";213464;108387;105077;239515;122220;117295;244619;124895;119724;234936;119774;115162;250969;127915;123054
"Sonora";"5 a 9 años";216768;109677;107091;233167;118417;114750;246494;125302;121192;243250;124307;118943;259950;132598;127352
"Sonora";"10 a 14 años";222345;111941;110404;225173;114032;111141;228055;115733;112322;240901;122616;118285;256883;131336;125547
"Sonora";"15 a 19 años";217889;110096;107793;225130;113890;111240;218530;110432;108098;221592;112152;109440;251510;128406;123104
"Sonora";"20 a 24 años";181031;90097;90934;219665;110207;109458;210638;104754;105884;201924;100958;100966;228147;116320;111827
"Sonora";"25 a 29 años";150981;73717;77264;180457;89374;91083;195388;96583;98805;190619;94060;96559;207251;104540;102711
"Sonora";"30 a 34 años";133308;65544;67764;159506;78380;81126;172782;84967;87815;191733;95041;96692;205910;103146;102764
"Sonora";"35 a 39 años";108248;54143;54105;143298;70923;72375;154516;76116;78400;171077;84559;86518;202731;102169;100562
"Sonora";"40 a 44 años";82200;41561;40639;108710;54787;53923;131251;65236;66015;147464;72883;74581;172253;85722;86531
"Sonora";"45 a 49 años";69626;35133;34493;85758;43323;42435;99234;49469;49765;125538;61981;63557;147842;73258;74584
"Sonora";"50 a 54 años";58365;29626;28739;69920;35410;34510;80037;40221;39816;99848;49577;50271;128595;63397;65198
"Sonora";"55 a 59 años";45439;23373;22066;55615;28127;27488;61747;30932;30815;74804;37298;37506;97274;48466;48808
"Sonora";"60 a 64 años";36806;18600;18206;45734;23133;22601;52615;26211;26404;61504;30129;31375;74443;36506;37937
"Sonora";"65 a 69 años";27864;14377;13487;34319;17249;17070;38990;19465;19525;48362;23795;24567;56240;27424;28816
"Sonora";"70 a 74 años";19091;9514;9577;24339;12493;11846;28081;13992;14089;33784;16664;17120;43912;21279;22633
"Sonora";"75 a 79 años";12855;6303;6552;15612;7755;7857;19133;9546;9587;23631;11487;12144;28060;13585;14475
"Sonora";"80 a 84 años";7421;3433;3988;8887;3981;4906;10430;4768;5662;13538;6420;7118;17019;7746;9273
"Sonora";"85 a 89 años";3769;1685;2084;4846;2144;2702;5569;2411;3158;6965;3022;3943;8961;3937;5024
"Sonora";"90 a 94 años";1335;548;787;1536;685;851;1964;809;1155;2323;920;1403;3075;1247;1828
"Sonora";"95 a 99 años";473;186;287;701;305;396;872;377;495;902;350;552;940;364;576
"Sonora";"100 años y más";249;93;156;183;63;120;291;128;163;214;87;127;224;87;137
"Sonora";"No especificado";14079;7054;7025;3465;2035;1430;15733;8243;7490;59952;30074;29878;20291;10164;10127
"Tabasco";"Total";1501744;749982;751762;1748769;872243;876526;1891829;934515;957314;1989969;977785;1012184;2238603;1100758;1137845
"Tabasco";"0 a 4 años";208115;104972;103143;216423;109644;106779;213787;108402;105385;204327;103987;100340;223692;114194;109498
"Tabasco";"5 a 9 años";216441;108915;107526;224135;113280;110855;228831;115198;113633;208905;105980;102925;225061;114145;110916
"Tabasco";"10 a 14 años";206256;103535;102721;225955;114091;111864;228638;115487;113151;222167;112052;110115;220776;111804;108972
"Tabasco";"15 a 19 años";176664;86746;89918;207996;102227;105769;212731;103712;109019;210055;103853;106202;224257;111911;112346
"Tabasco";"20 a 24 años";144409;69672;74737;180648;86928;93720;187604;88414;99190;188484;88521;99963;206842;100048;106794
"Tabasco";"25 a 29 años";121375;59055;62320;143820;69173;74647;159811;75114;84697;166827;77246;89581;185871;87169;98702
"Tabasco";"30 a 34 años";96541;47742;48799;123023;60444;62579;137071;66120;70951;152970;71854;81116;174392;81829;92563
"Tabasco";"35 a 39 años";84135;42114;42021;110421;54958;55463;127391;62556;64835;139172;67085;72087;164922;78148;86774
"Tabasco";"40 a 44 años";57204;29056;28148;79309;40278;39031;97004;48328;48676;116283;57310;58973;136000;66024;69976
"Tabasco";"45 a 49 años";48189;24496;23693;61601;31405;30196;76068;38312;37756;94231;46877;47354;116426;57375;59051
"Tabasco";"50 a 54 años";37849;19474;18375;46169;23567;22602;56490;28725;27765;74419;37257;37162;95109;46912;48197
"Tabasco";"55 a 59 años";29098;15182;13916;36478;18626;17852;42339;21172;21167;53257;26778;26479;72350;35982;36368
"Tabasco";"60 a 64 años";23288;12094;11194;30607;15588;15019;36344;18246;18098;43088;21273;21815;51726;25607;26119
"Tabasco";"65 a 69 años";15455;7991;7464;21043;10624;10419;26854;13283;13571;32200;15783;16417;38728;18954;19774
"Tabasco";"70 a 74 años";11589;6160;5429;15449;8327;7122;18952;9894;9058;24663;12516;12147;32532;15959;16573
"Tabasco";"75 a 79 años";7825;4093;3732;9585;4988;4597;12879;6724;6155;16749;8456;8293;21048;10617;10431
"Tabasco";"80 a 84 años";5634;2888;2746;6064;3121;2943;7156;3607;3549;9314;4705;4609;12257;6092;6165
"Tabasco";"85 a 89 años";3210;1667;1543;3781;1948;1833;4324;2114;2210;5288;2583;2705;7134;3374;3760
"Tabasco";"90 a 94 años";1601;793;808;1715;870;845;2081;1015;1066;2051;993;1058;2669;1275;1394
"Tabasco";"95 a 99 años";847;411;436;982;484;498;1225;624;601;1228;605;623;1297;589;708
"Tabasco";"100 años y más";612;250;362;523;227;296;573;273;300;512;216;296;536;235;301
"Tabasco";"No especificado";5407;2676;2731;3042;1445;1597;13676;7195;6481;23779;11855;11924;24978;12515;12463
"Tamaulipas";"Total";2249581;1111698;1137883;2527328;1254700;1272628;2753222;1359874;1393348;3024238;1493573;1530665;3268554;1616201;1652353
"Tamaulipas";"0 a 4 años";256810;130667;126143;282902;144467;138435;296314;151229;145085;294740;149599;145141;302937;154457;148480
"Tamaulipas";"5 a 9 años";260284;132176;128108;270441;138027;132414;294747;149746;145001;295298;150744;144554;305122;154618;150504
"Tamaulipas";"10 a 14 años";268815;135450;133365;263237;133432;129805;270114;137462;132652;290402;147498;142904;294469;150104;144365
"Tamaulipas";"15 a 19 años";273793;136022;137771;275684;137625;138059;271411;134951;136460;274245;138074;136171;291682;147251;144431
"Tamaulipas";"20 a 24 años";231171;112132;119039;274901;134302;140599;272292;132737;139555;267644;131056;136588;275453;137058;138395
"Tamaulipas";"25 a 29 años";188111;91069;97042;229796;111930;117866;252514;122317;130197;253314;122825;130489;258116;126215;131901
"Tamaulipas";"30 a 34 años";157309;76115;81194;195075;95548;99527;222680;108057;114623;248444;120474;127970;255313;124108;131205
"Tamaulipas";"35 a 39 años";127147;61796;65351;168254;82499;85755;190906;93099;97807;223045;108728;114317;250586;122278;128308
"Tamaulipas";"40 a 44 años";100806;48771;52035;126389;62336;64053;154690;75506;79184;185155;90750;94405;213736;104304;109432
"Tamaulipas";"45 a 49 años";87714;43149;44565;103927;50597;53330;116567;56909;59658;150775;73401;77374;177182;86829;90353
"Tamaulipas";"50 a 54 años";74561;36189;38372;86224;42550;43674;98820;47668;51152;119530;58365;61165;147748;71602;76146
"Tamaulipas";"55 a 59 años";59066;29068;29998;70066;34462;35604;76894;37471;39423;91480;43967;47513;109317;53327;55990
"Tamaulipas";"60 a 64 años";48780;23683;25097;59763;29003;30760;67945;32371;35574;77434;36895;40539;89766;42359;47407
"Tamaulipas";"65 a 69 años";35940;17599;18341;43449;21018;22431;50474;24123;26351;60579;28743;31836;66138;31179;34959
"Tamaulipas";"70 a 74 años";21998;10647;11351;31519;15467;16052;36696;17593;19103;44260;21037;23223;53619;25167;28452
"Tamaulipas";"75 a 79 años";17318;8237;9081;17911;8539;9372;24953;12103;12850;30697;14479;16218;35422;16664;18758
"Tamaulipas";"80 a 84 años";11754;5450;6304;11705;5402;6303;12307;5559;6748;18581;8412;10169;22387;10054;12333
"Tamaulipas";"85 a 89 años";6873;3203;3670;7576;3517;4059;7883;3441;4442;8759;3889;4870;12078;5302;6776
"Tamaulipas";"90 a 94 años";2163;949;1214;2914;1346;1568;3307;1409;1898;3287;1396;1891;3852;1589;2263
"Tamaulipas";"95 a 99 años";806;324;482;1220;561;659;1680;727;953;1450;605;845;1427;574;853
"Tamaulipas";"100 años y más";346;136;210;296;116;180;429;179;250;429;162;267;408;169;239
"Tamaulipas";"No especificado";18016;8866;9150;4079;1956;2123;29599;15217;14382;84690;42474;42216;101796;50993;50803
"Tlaxcala";"Total";761277;375130;386147;883924;435390;448534;962646;469948;492698;1068207;517477;550730;1169936;565775;604161
"Tlaxcala";"0 a 4 años";98004;49841;48163;106844;54455;52389;108862;55386;53476;114954;58574;56380;116073;58980;57093
"Tlaxcala";"5 a 9 años";107483;53958;53525;109410;55694;53716;115925;58718;57207;114239;58160;56079;123330;62673;60657
"Tlaxcala";"10 a 14 años";104575;52735;51840;110597;55744;54853;110488;56118;54370;118450;60021;58429;118634;59970;58664
"Tlaxcala";"15 a 19 años";89788;44518;45270;103743;51416;52327;106450;52418;54032;108254;53846;54408;119172;59831;59341
"Tlaxcala";"20 a 24 años";71689;34424;37265;90107;43311;46796;95999;45652;50347;99680;46429;53251;104781;50406;54375
"Tlaxcala";"25 a 29 años";57606;27447;30159;71169;33868;37301;79360;37296;42064;88678;40707;47971;93720;43235;50485
"Tlaxcala";"30 a 34 años";48100;22925;25175;61544;29238;32306;69785;32599;37186;81874;37734;44140;90612;41672;48940
"Tlaxcala";"35 a 39 años";39473;19043;20430;54029;25910;28119;61295;28977;32318;72699;33984;38715;84560;39297;45263
"Tlaxcala";"40 a 44 años";29399;14427;14972;38503;18878;19625;48701;23243;25458;59577;28186;31391;71030;33139;37891
"Tlaxcala";"45 a 49 años";25549;12476;13073;31649;15480;16169;36434;17540;18894;48794;22995;25799;58822;27512;31310
"Tlaxcala";"50 a 54 años";20869;10037;10832;25113;12321;12792;29923;14389;15534;37925;18030;19895;49362;23079;26283
"Tlaxcala";"55 a 59 años";17599;8478;9121;20211;9745;10466;22869;11097;11772;28757;13902;14855;36171;17210;18961
"Tlaxcala";"60 a 64 años";14949;7334;7615;18174;8695;9479;20010;9496;10514;24137;11552;12585;28530;13597;14933
"Tlaxcala";"65 a 69 años";12043;5870;6173;14448;6931;7517;16582;7743;8839;18889;8873;10016;21997;10353;11644
"Tlaxcala";"70 a 74 años";8284;4012;4272;10838;5324;5514;12377;6038;6339;14576;6904;7672;17497;8197;9300
"Tlaxcala";"75 a 79 años";6354;3203;3151;7367;3620;3747;9585;4700;4885;11317;5460;5857;13009;6108;6901
"Tlaxcala";"80 a 84 años";4143;1991;2152;4334;2094;2240;5308;2544;2764;7232;3382;3850;8741;4056;4685
"Tlaxcala";"85 a 89 años";2832;1296;1536;3127;1477;1650;3366;1531;1835;4171;1922;2249;5477;2493;2984
"Tlaxcala";"90 a 94 años";985;467;518;1238;557;681;1392;623;769;1502;664;838;1997;880;1117
"Tlaxcala";"95 a 99 años";530;195;335;643;268;375;828;361;467;794;331;463;794;318;476
"Tlaxcala";"100 años y más";176;53;123;138;43;95;200;68;132;188;69;119;187;75;112
"Tlaxcala";"No especificado";847;400;447;698;321;377;6907;3411;3496;11520;5752;5768;5440;2694;2746
"Veracruz de Ignacio de la Llave";"Total";6228239;3077427;3150812;6737324;3323880;3413444;6908975;3355164;3553811;7110214;3423379;3686835;7643194;3695679;3947515
"Veracruz de Ignacio de la Llave";"0 a 4 años";777420;393484;383936;776467;395230;381237;728473;369566;358907;676902;344371;332531;662288;335899;326389
"Veracruz de Ignacio de la Llave";"5 a 9 años";821633;416819;404814;808231;410700;397531;812674;412270;400404;720700;366110;354590;728767;369775;358992
"Veracruz de Ignacio de la Llave";"10 a 14 años";795938;401438;394500;807421;410912;396509;797328;404351;392977;791110;401867;389243;741526;376924;364602
"Veracruz de Ignacio de la Llave";"15 a 19 años";715415;356386;359029;735362;366861;368501;709056;349083;359973;710167;351004;359163;759388;381351;378037
"Veracruz de Ignacio de la Llave";"20 a 24 años";589326;284723;304603;647799;311116;336683;593263;274257;319006;582248;269012;313236;642093;307562;334531
"Veracruz de Ignacio de la Llave";"25 a 29 años";485425;233676;251749;543854;259835;284019;536397;246494;289903;517828;232501;285327;557762;259153;298609
"Veracruz de Ignacio de la Llave";"30 a 34 años";405322;195773;209549;474740;228981;245759;498825;233227;265598;516830;234539;282291;539685;247094;292591
"Veracruz de Ignacio de la Llave";"35 a 39 años";361668;174334;187334;432316;208089;224227;459768;217408;242360;496595;229601;266994;542754;251277;291477
"Veracruz de Ignacio de la Llave";"40 a 44 años";276466;135545;140921;336144;164379;171765;380702;181477;199225;432692;203928;228764;486810;228657;258153
"Veracruz de Ignacio de la Llave";"45 a 49 años";240187;118069;122118;284928;139122;145806;312790;149441;163349;369611;175365;194246;424845;201515;223330
"Veracruz de Ignacio de la Llave";"50 a 54 años";194181;95161;99020;227050;111635;115415;259882;125663;134219;310556;148137;162419;365591;172802;192789
"Veracruz de Ignacio de la Llave";"55 a 59 años";152200;74293;77907;183424;89307;94117;205722;99382;106340;247750;119097;128653;298171;142619;155552
"Veracruz de Ignacio de la Llave";"60 a 64 años";127548;61852;65696;154740;74398;80342;178582;85264;93318;211512;100645;110867;239698;114048;125650
"Veracruz de Ignacio de la Llave";"65 a 69 años";90139;43691;46448;112997;53595;59402;132984;62339;70645;159801;75256;84545;183836;87365;96471
"Veracruz de Ignacio de la Llave";"70 a 74 años";63720;30885;32835;82096;40157;41939;97101;46706;50395;121464;57509;63955;155346;72547;82799
"Veracruz de Ignacio de la Llave";"75 a 79 años";44526;21258;23268;51656;24807;26849;66604;32117;34487;85434;40350;45084;100119;46658;53461
"Veracruz de Ignacio de la Llave";"80 a 84 años";29753;13525;16228;32694;14679;18015;36758;16776;19982;50171;23047;27124;62627;28294;34333
"Veracruz de Ignacio de la Llave";"85 a 89 años";16879;7679;9200;19582;8781;10801;22336;9680;12656;27716;12147;15569;35565;15779;19786
"Veracruz de Ignacio de la Llave";"90 a 94 años";7843;3421;4422;8609;3695;4914;9608;4171;5437;10668;4500;6168;13213;5571;7642
"Veracruz de Ignacio de la Llave";"95 a 99 años";3614;1521;2093;4665;2070;2595;5467;2363;3104;5679;2313;3366;5967;2503;3464
"Veracruz de Ignacio de la Llave";"100 años y más";2389;925;1464;1732;645;1087;2261;913;1348;2115;817;1298;2186;890;1296
"Veracruz de Ignacio de la Llave";"No especificado";26647;12969;13678;10817;4886;5931;62394;32216;30178;62665;31263;31402;94957;47396;47561
"Yucatán";"Total";1362940;673892;689048;1556622;773435;783187;1658210;818205;840005;1818948;896562;922386;1955577;963333;992244
"Yucatán";"0 a 4 años";170427;86107;84320;178063;90324;87739;173213;88088;85125;169575;85966;83609;170727;86219;84508
"Yucatán";"5 a 9 años";174028;88058;85970;182490;92524;89966;185605;93955;91650;176491;89687;86804;181587;91892;89695
"Yucatán";"10 a 14 años";169408;85649;83759;180223;91435;88788;183581;92863;90718;188049;95354;92695;182604;92921;89683
"Yucatán";"15 a 19 años";155653;76134;79519;170674;84925;85749;175320;86908;88412;183960;91950;92010;192027;96613;95414
"Yucatán";"20 a 24 años";121572;58580;62992;157458;77339;80119;160339;78157;82182;171550;84185;87365;183322;91013;92309
"Yucatán";"25 a 29 años";100526;48128;52398;120066;58455;61611;136614;65813;70801;147473;71543;75930;160355;78443;81912
"Yucatán";"30 a 34 años";86739;42043;44696;105949;51436;54513;114882;55218;59664;139475;67053;72422;151440;73129;78311
"Yucatán";"35 a 39 años";79634;38481;41153;95371;46353;49018;104381;50181;54200;118211;56944;61267;145205;69998;75207
"Yucatán";"40 a 44 años";64275;31759;32516;79077;38730;40347;87383;42447;44936;103126;49655;53471;116699;56265;60434
"Yucatán";"45 a 49 años";52521;25916;26605;68487;33760;34727;74855;36168;38687;86897;41778;45119;101202;48528;52674
"Yucatán";"50 a 54 años";42970;21001;21969;51694;25443;26251;63846;31152;32694;76900;36800;40100;87918;41814;46104
"Yucatán";"55 a 59 años";34702;16975;17727;41577;20340;21237;47242;22922;24320;61894;30238;31656;73419;35354;38065
"Yucatán";"60 a 64 años";30299;14800;15499;35797;17516;18281;40706;19687;21019;48236;23013;25223;61572;29647;31925
"Yucatán";"65 a 69 años";25855;12918;12937;27734;13676;14058;31712;15476;16236;38247;18600;19647;44092;21271;22821
"Yucatán";"70 a 74 años";20263;10390;9873;23662;12011;11651;24429;12129;12300;28422;13928;14494;35779;17334;18445
"Yucatán";"75 a 79 años";13802;7123;6679;16966;8731;8235;19372;9775;9597;21195;10674;10521;24558;12071;12487
"Yucatán";"80 a 84 años";8704;4298;4406;9959;4847;5112;12282;5991;6291;14293;6968;7325;15627;7491;8136
"Yucatán";"85 a 89 años";4899;2379;2520;5616;2769;2847;6478;3108;3370;8573;4172;4401;9540;4618;4922
"Yucatán";"90 a 94 años";1736;792;944;2127;998;1129;2419;1138;1281;2818;1289;1529;3815;1743;2072
"Yucatán";"95 a 99 años";655;298;357;794;377;417;1007;463;544;1110;517;593;1289;586;703
"Yucatán";"100 años y más";192;80;112;147;64;83;230;107;123;182;69;113;202;88;114
"Yucatán";"No especificado";4080;1983;2097;2691;1382;1309;12314;6459;5855;32271;16179;16092;12598;6295;6303
"Zacatecas";"Total";1276323;623663;652660;1336496;655540;680956;1353610;653583;700027;1367692;659333;708359;1490668;726897;763771
"Zacatecas";"0 a 4 años";172330;87473;84857;160610;81928;78682;156356;79468;76888;143830;73032;70798;152037;77320;74717
"Zacatecas";"5 a 9 años";176489;89374;87115;171797;87400;84397;164225;83334;80891;148813;75506;73307;151780;76898;74882
"Zacatecas";"10 a 14 años";184782;92729;92053;173536;87970;85566;171383;86962;84421;156277;79335;76942;152154;77052;75102
"Zacatecas";"15 a 19 años";158599;77277;81322;159590;77607;81983;145464;69249;76215;145349;70292;75057;150499;75169;75330
"Zacatecas";"20 a 24 años";114990;52525;62465;126861;59278;67583;119820;53411;66409;112509;50280;62229;131079;62008;69071
"Zacatecas";"25 a 29 años";84807;38980;45827;98409;45720;52689;101757;46340;55417;99137;44095;55042;107817;50416;57401
"Zacatecas";"30 a 34 años";70196;32770;37426;84527;39772;44755;91476;41919;49557;97454;45183;52271;105427;49237;56190
"Zacatecas";"35 a 39 años";58426;27669;30757;73092;34745;38347;79770;37063;42707;89531;41641;47890;101327;48473;52854
"Zacatecas";"40 a 44 años";48332;22993;25339;55923;27009;28914;64510;30278;34232;76065;35796;40269;88979;42123;46856
"Zacatecas";"45 a 49 años";44527;21422;23105;48555;23360;25195;50907;24127;26780;62751;29454;33297;74010;35111;38899
"Zacatecas";"50 a 54 años";37307;17986;19321;41667;20389;21278;44565;21278;23287;50399;24139;26260;62448;29522;32926
"Zacatecas";"55 a 59 años";31117;15436;15681;34251;16837;17414;37283;18116;19167;40637;19586;21051;47741;23002;24739
"Zacatecas";"60 a 64 años";27796;13843;13953;32177;15849;16328;33857;16374;17483;37993;18206;19787;41090;19732;21358
"Zacatecas";"65 a 69 años";20901;10476;10425;24586;12218;12368;27493;13503;13990;30335;14844;15491;34106;16684;17422
"Zacatecas";"70 a 74 años";14244;7124;7120;19451;9945;9506;22021;11141;10880;24798;12239;12559;29225;14135;15090
"Zacatecas";"75 a 79 años";11582;5862;5720;11604;5840;5764;15781;8007;7774;18430;9424;9006;21022;10463;10559
"Zacatecas";"80 a 84 años";8790;4280;4510;8671;4219;4452;8519;4126;4393;12212;5997;6215;13941;6868;7073
"Zacatecas";"85 a 89 años";5132;2623;2509;5504;2775;2729;5780;2746;3034;6230;2993;3237;8507;4152;4355
"Zacatecas";"90 a 94 años";1915;903;1012;2355;1165;1190;2522;1162;1360;2572;1195;1377;2832;1296;1536
"Zacatecas";"95 a 99 años";693;322;371;933;430;503;1331;589;742;1188;517;671;1176;526;650
"Zacatecas";"100 años y más";273;100;173;192;74;118;260;110;150;267;99;168;253;102;151
"Zacatecas";"No especificado";3095;1496;1599;2205;1010;1195;8530;4280;4250;10915;5480;5435;13218;6608;6610
 